Year,Month,DayofMonth,DayOfWeek,DepTime,CRSDepTime,ArrTime,CRSArrTime,UniqueCarrier,FlightNum,TailNum,ActualElapsedTime,CRSElapsedTime,AirTime,ArrDelay,DepDelay,Origin,Dest,Distance,TaxiIn,TaxiOut,Cancelled,CancellationCode,Diverted,CarrierDelay,WeatherDelay,NASDelay,SecurityDelay,LateAircraftDelay
2008,1,16,3,2031,2035,2336,2350,WN,367,N352SW,125,135,112,-14,-4,PHX,TUL,935,4,9,0,,0,NA,NA,NA,NA,NA
2009,1,8,2,1720,1710,1912,1920,WN,1170,N635SW,112,130,103,-8,10,MCO,BWI,787,2,7,0,,0,NA,NA,NA,NA,NA
2009,1,14,1,843,845,1115,1125,WN,3424,N762SW,92,100,81,-10,-2,MDW,IAD,577,5,6,0,,0,NA,NA,NA,NA,NA
2008,1,21,1,1912,1820,2150,2035,WN,438,N793SA,278,255,245,75,52,HOU,OAK,1642,20,13,0,,0,11,0,23,0,41
2008,1,18,5,1117,1120,1325,1330,WN,1445,N723SW,68,70,53,-5,-3,SAN,PHX,304,6,9,0,,0,NA,NA,NA,NA,NA
2008,1,16,3,1141,1140,1224,1230,WN,46,N633SW,43,50,31,-6,1,BWI,ORF,159,3,9,0,,0,NA,NA,NA,NA,NA
2008,1,16,3,719,720,956,955,WN,1454,N221WN,97,95,77,1,-1,MDW,IAD,577,4,16,0,,0,NA,NA,NA,NA,NA
2009,1,4,5,2009,1955,2112,2055,WN,325,N236WN,63,60,47,17,14,SJC,BUR,296,7,9,0,,0,0,0,3,0,14
2009,1,8,2,1552,1555,1911,1920,WN,1262,N624SW,139,145,124,-9,-3,DEN,BNA,1013,6,9,0,,0,NA,NA,NA,NA,NA
2008,1,14,1,1705,1710,1903,1915,WN,1939,N634SW,118,125,100,-12,-5,SAT,BNA,822,6,12,0,,0,NA,NA,NA,NA,NA
2008,1,15,2,647,650,737,740,WN,1607,N326SW,110,110,95,-3,-3,TPA,BNA,612,5,10,0,,0,NA,NA,NA,NA,NA
2009,1,5,6,1602,1510,1725,1650,WN,3691,N732SW,83,100,68,35,52,BWI,DTW,408,5,10,0,,0,4,0,0,0,31
2008,1,17,4,1519,1440,1558,1525,WN,2712,N749SW,99,105,83,33,39,MCI,DEN,533,6,10,0,,0,33,0,0,0,0
2008,1,16,3,1416,1415,1533,1540,WN,1321,N746SW,77,85,64,-7,1,SMF,SAN,480,3,10,0,,0,NA,NA,NA,NA,NA
2008,1,21,1,801,805,1029,1035,WN,1607,N607SW,88,90,72,-6,-4,BNA,DTW,457,4,12,0,,0,NA,NA,NA,NA,NA
2008,1,16,3,NA,700,NA,1305,WN,1641,,NA,245,NA,NA,NA,OAK,MDW,1844,NA,NA,1,A,0,NA,NA,NA,NA,NA
2008,1,16,3,2101,2100,2352,2350,WN,376,N336SW,111,110,89,2,1,OAK,PHX,646,4,18,0,,0,NA,NA,NA,NA,NA
2008,1,22,2,2217,2210,2337,2340,WN,1612,N636WN,80,90,67,-3,7,SAN,SMF,480,4,9,0,,0,NA,NA,NA,NA,NA
2009,1,4,5,1830,1830,1946,1950,WN,1257,N507SW,76,80,66,-4,0,OKC,HOU,419,3,7,0,,0,NA,NA,NA,NA,NA
2009,1,6,7,1836,1810,1942,1920,WN,740,N312SW,66,70,54,22,26,SMF,BUR,358,2,10,0,,0,1,0,0,0,21
2008,1,18,5,2010,1945,2125,2105,WN,2797,N397SW,75,80,63,20,25,BWI,CMH,336,3,9,0,,0,10,0,0,0,10
2009,1,6,7,2130,2015,2351,2240,WN,230,N376SW,81,85,72,71,75,ABQ,DAL,580,3,6,0,,0,22,0,0,0,49
2009,1,13,7,1701,1515,1902,1730,WN,1436,N450WN,241,255,227,92,106,MCO,DEN,1545,4,10,0,,0,13,0,0,0,79
2009,1,12,6,808,810,909,915,WN,3421,N519SW,61,65,44,-6,-2,PHX,ABQ,328,7,10,0,,0,NA,NA,NA,NA,NA
2009,1,8,2,2038,2030,2256,2250,WN,891,N408WN,78,80,67,6,8,BNA,JAX,484,4,7,0,,0,NA,NA,NA,NA,NA
2008,1,20,7,1731,1735,1841,1855,WN,1637,N739GB,130,140,118,-14,-4,ALB,MDW,717,5,7,0,,0,NA,NA,NA,NA,NA
2009,1,7,1,1053,1055,1337,1400,WN,2266,N674AA,224,245,212,-23,-2,BWI,SAT,1407,3,9,0,,0,NA,NA,NA,NA,NA
2008,1,21,1,1246,1245,1309,1315,WN,1251,N388SW,83,90,71,-6,1,DTW,BNA,457,4,8,0,,0,NA,NA,NA,NA,NA
2008,1,15,2,1356,1345,1732,1735,WN,3667,N266WN,156,170,149,-3,11,PHX,MSY,1301,2,5,0,,0,NA,NA,NA,NA,NA
2008,1,19,6,1659,1700,1821,1825,WN,136,N752SW,82,85,72,-4,-1,SMF,SAN,480,3,7,0,,0,NA,NA,NA,NA,NA
2008,1,15,2,1201,1205,1314,1320,WN,3139,N372SW,73,75,54,-6,-4,SMF,ONT,389,4,15,0,,0,NA,NA,NA,NA,NA
2009,1,3,4,NA,2050,NA,2255,WN,2092,,NA,65,NA,NA,NA,SAN,PHX,304,NA,NA,1,C,0,NA,NA,NA,NA,NA
2009,1,4,5,2030,2015,2235,2220,WN,485,N389SW,185,185,166,15,15,FLL,MDW,1166,7,12,0,,0,7,0,0,0,8
2009,1,8,2,1804,1805,1956,2000,WN,2100,N515SW,172,175,152,-4,-1,HOU,PHX,1020,12,8,0,,0,NA,NA,NA,NA,NA
2009,1,7,1,2018,1905,2246,2140,WN,1324,N240WN,88,95,77,66,73,BNA,BWI,588,4,7,0,,0,0,0,0,0,66
2008,1,18,5,1213,1145,1342,1315,WN,179,N684WN,89,90,79,27,28,STL,OKC,462,3,7,0,,0,0,0,0,0,27
2008,1,16,3,1415,1420,1436,1435,WN,1253,N675AA,81,75,64,1,-5,TUS,SAN,367,3,14,0,,0,NA,NA,NA,NA,NA
2009,1,13,7,1125,1125,1413,1415,WN,1561,N398SW,108,110,96,-2,0,OAK,PHX,646,5,7,0,,0,NA,NA,NA,NA,NA
2009,1,12,6,1931,1935,2011,2020,WN,2015,N458WN,40,45,31,-9,-4,SAT,HOU,192,3,6,0,,0,NA,NA,NA,NA,NA
2009,1,13,7,1243,1240,1649,1705,WN,989,N292WN,186,205,173,-16,3,PHX,MDW,1444,4,9,0,,0,NA,NA,NA,NA,NA
2008,1,21,1,946,945,1051,1050,WN,3947,N790SW,65,65,50,1,1,BUR,SJC,296,7,8,0,,0,NA,NA,NA,NA,NA
2009,1,7,1,628,630,800,805,WN,1001,N632SW,152,155,141,-5,-2,MDW,DEN,895,4,7,0,,0,NA,NA,NA,NA,NA
2009,1,7,1,1335,1340,1433,1440,WN,899,N716SW,58,60,43,-7,-5,BWI,ISP,220,4,11,0,,0,NA,NA,NA,NA,NA
2008,1,18,5,1830,1830,1916,1940,WN,1625,N297WN,226,250,214,-24,0,IND,LAS,1591,4,8,0,,0,NA,NA,NA,NA,NA
2008,1,22,2,1625,1625,1847,1850,WN,2113,N737JW,262,265,248,-3,0,MDW,SAN,1728,2,12,0,,0,NA,NA,NA,NA,NA
2008,1,17,4,642,640,903,910,WN,253,N654SW,81,90,71,-7,2,ELP,DAL,562,3,7,0,,0,NA,NA,NA,NA,NA
2008,1,16,3,938,940,1150,1225,WN,3507,N773SA,252,285,235,-35,-2,MDW,OAK,1844,9,8,0,,0,NA,NA,NA,NA,NA
2009,1,8,2,724,710,832,830,WN,142,N283WN,128,140,113,2,14,PHL,MDW,668,5,10,0,,0,NA,NA,NA,NA,NA
2008,1,21,1,716,715,830,830,WN,1271,N631SW,74,75,60,0,1,DAL,MSY,437,3,11,0,,0,NA,NA,NA,NA,NA
2008,1,17,4,1607,1555,1833,1830,WN,720,N514SW,86,95,76,3,12,ABQ,DAL,580,3,7,0,,0,NA,NA,NA,NA,NA
2009,1,7,1,842,840,1131,1115,WN,118,N418WN,289,275,261,16,2,MDW,LAX,1750,9,19,0,,0,0,0,16,0,0
2009,1,7,1,2044,2045,2244,2255,WN,263,N487WN,60,70,50,-11,-1,SNA,PHX,338,4,6,0,,0,NA,NA,NA,NA,NA
2009,1,12,6,1005,1010,1049,1100,WN,3604,N400WN,44,50,34,-11,-5,ORF,BWI,159,3,7,0,,0,NA,NA,NA,NA,NA
2008,1,23,3,1739,1730,1830,1820,WN,3420,N736SA,111,110,101,10,9,ABQ,SAN,628,4,6,0,,0,NA,NA,NA,NA,NA
2009,1,7,1,1917,1850,2112,2055,WN,390,N673AA,115,125,102,17,27,SEA,SJC,697,3,10,0,,0,0,0,0,0,17
2009,1,6,7,1146,955,1341,1200,WN,671,N683SW,55,65,42,101,111,MDW,DTW,229,7,6,0,,0,7,0,0,0,94
2008,1,15,2,1407,1410,1358,1410,WN,802,N407WN,51,60,43,-12,-3,PHX,LAS,256,3,5,0,,0,NA,NA,NA,NA,NA
2009,1,7,1,1730,1735,1806,1805,WN,1414,N460WN,96,90,79,1,-5,SAT,ELP,496,6,11,0,,0,NA,NA,NA,NA,NA
2009,1,10,4,1300,1305,1414,1430,WN,877,N785SW,134,145,121,-16,-5,OKC,PHX,833,4,9,0,,0,NA,NA,NA,NA,NA
2009,1,8,2,917,915,1013,1015,WN,773,N699SW,56,60,44,-2,2,ONT,LAS,197,5,7,0,,0,NA,NA,NA,NA,NA
2009,1,11,5,701,700,708,710,WN,1594,N749SW,67,70,53,-2,1,PHX,SAN,304,4,10,0,,0,NA,NA,NA,NA,NA
2008,1,19,6,929,930,1040,1050,WN,1197,N389SW,71,80,58,-10,-1,ELP,PHX,347,5,8,0,,0,NA,NA,NA,NA,NA
2009,1,11,5,1201,1205,1505,1525,WN,720,N746SW,124,140,108,-20,-4,DEN,HOU,883,3,13,0,,0,NA,NA,NA,NA,NA
2009,1,6,7,1639,1625,1747,1735,WN,715,N768SW,68,70,46,12,14,LAS,SAN,258,3,19,0,,0,NA,NA,NA,NA,NA
2008,1,15,2,939,940,1040,1045,WN,3838,N434WN,61,65,50,-5,-1,BWI,BUF,281,3,8,0,,0,NA,NA,NA,NA,NA
2009,1,12,6,1430,1435,1642,1655,WN,117,N626SW,72,80,65,-13,-5,ELP,SAT,496,3,4,0,,0,NA,NA,NA,NA,NA
2008,1,19,6,1833,1835,2028,2030,WN,3748,N300SW,55,55,42,-2,-2,ELP,LBB,295,3,10,0,,0,NA,NA,NA,NA,NA
2008,1,20,7,640,645,900,910,WN,487,N791SW,80,85,66,-10,-5,BHM,MCO,478,7,7,0,,0,NA,NA,NA,NA,NA
2009,1,14,1,2025,2030,2102,2140,WN,1469,N472WN,157,190,146,-38,-5,MCI,LAS,1140,4,7,0,,0,NA,NA,NA,NA,NA
2009,1,5,6,731,735,938,1000,WN,3231,N754SW,127,145,114,-22,-4,IAD,TPA,810,4,9,0,,0,NA,NA,NA,NA,NA
2008,1,16,3,1251,1255,1804,1815,WN,1355,N479WN,193,200,177,-11,-4,ABQ,MCO,1552,7,9,0,,0,NA,NA,NA,NA,NA
2009,1,9,3,1229,1230,1343,1345,WN,2094,N378SW,74,75,59,-2,-1,ELP,PHX,347,7,8,0,,0,NA,NA,NA,NA,NA
2008,1,17,4,752,750,822,820,WN,2447,N677AA,90,90,79,2,2,SAT,ELP,496,4,7,0,,0,NA,NA,NA,NA,NA
2008,1,21,1,1606,1445,2236,2045,WN,2898,N733SA,270,240,240,111,81,OAK,MDW,1844,19,11,0,,0,81,0,30,0,0
2009,1,8,2,1155,1145,1249,1235,WN,2176,N510SW,54,50,35,14,10,SAT,HOU,192,2,17,0,,0,NA,NA,NA,NA,NA
2009,1,6,7,2200,2115,2337,2235,WN,2815,N312SW,97,80,69,62,45,SMF,LAX,373,9,19,0,,0,0,0,38,0,24
2009,1,14,1,2023,2020,2125,2130,WN,52,N683SW,62,70,52,-5,3,DAL,AMA,324,4,6,0,,0,NA,NA,NA,NA,NA
2009,1,4,5,1526,1515,1628,1615,WN,365,N642WN,62,60,35,13,11,FLL,MCO,178,5,22,0,,0,NA,NA,NA,NA,NA
2008,1,17,4,1445,1440,1703,1655,WN,3068,N613SW,78,75,66,8,5,LAX,PHX,370,6,6,0,,0,NA,NA,NA,NA,NA
2009,1,10,4,634,635,845,850,WN,2452,N779SW,71,75,55,-5,-1,LAX,PHX,370,8,8,0,,0,NA,NA,NA,NA,NA
2009,1,9,3,1639,1640,1746,1740,WN,141,N608SW,67,60,50,6,-1,LBB,DAL,293,5,12,0,,0,NA,NA,NA,NA,NA
2008,1,17,4,1128,1130,1239,1240,WN,1621,N426WN,71,70,55,-1,-2,RNO,LAS,345,6,10,0,,0,NA,NA,NA,NA,NA
2008,1,17,4,1726,1630,1718,1635,WN,1660,N743SW,52,65,43,43,56,PHX,LAS,256,4,5,0,,0,43,0,0,0,0
2009,1,4,5,1112,1115,1409,1410,WN,638,N409WN,117,115,102,-1,-3,BNA,PHL,675,7,8,0,,0,NA,NA,NA,NA,NA
2008,1,14,1,644,650,734,740,WN,2636,N470WN,50,50,34,-6,-6,PBI,TPA,174,4,12,0,,0,NA,NA,NA,NA,NA
2009,1,9,3,2127,2120,2220,2225,WN,2896,N363SW,53,65,38,-5,7,LAS,LAX,236,5,10,0,,0,NA,NA,NA,NA,NA
2009,1,5,6,1750,1730,1851,1830,WN,977,N678AA,61,60,46,21,20,STL,MCI,237,4,11,0,,0,13,0,1,0,7
2009,1,3,4,1646,1645,1740,1700,WN,3936,N269WN,114,75,68,40,1,PHX,LAX,370,10,36,0,,0,0,0,40,0,0
2008,1,19,6,1434,1440,1931,1950,WN,1309,N231WN,177,190,168,-19,-6,ABQ,TPA,1497,4,5,0,,0,NA,NA,NA,NA,NA
2009,1,9,3,658,700,920,925,WN,2787,N367SW,82,85,67,-5,-2,BUR,PHX,369,3,12,0,,0,NA,NA,NA,NA,NA
2008,1,16,3,953,955,1226,1225,WN,2014,N267WN,153,150,132,1,-2,TPA,ISP,1034,5,16,0,,0,NA,NA,NA,NA,NA
2008,1,14,1,1152,1150,1345,1350,WN,2528,N256WN,113,120,98,-5,2,OAK,SEA,671,8,7,0,,0,NA,NA,NA,NA,NA
2009,1,10,4,1907,1755,2107,2005,WN,1507,N449WN,120,130,106,62,72,MCO,BWI,787,4,10,0,,0,43,0,0,0,19
2008,1,17,4,1033,1030,1228,1230,WN,2554,N434WN,235,240,206,-2,3,MSY,LAS,1501,20,9,0,,0,NA,NA,NA,NA,NA
2009,1,4,5,2025,2025,2054,2055,WN,186,N414WN,89,90,78,-1,0,SAT,ELP,496,3,8,0,,0,NA,NA,NA,NA,NA
2009,1,4,5,2003,1845,2207,2040,WN,746,N667SW,64,55,44,87,78,ABQ,AMA,277,5,15,0,,0,0,0,9,0,78
2009,1,14,1,1056,1050,1230,1235,WN,1858,N344SW,94,105,83,-5,6,JAX,BWI,663,3,8,0,,0,NA,NA,NA,NA,NA
2008,1,18,5,627,630,757,820,WN,1534,N294WN,150,170,136,-23,-3,MCO,MDW,989,5,9,0,,0,NA,NA,NA,NA,NA
2009,1,11,5,1405,1405,1520,1520,WN,1941,N754SW,75,75,61,0,0,SNA,SJC,342,2,12,0,,0,NA,NA,NA,NA,NA
2009,1,9,3,1755,1755,1852,1855,WN,1166,N364SW,57,60,46,-3,0,DAL,SAT,248,3,8,0,,0,NA,NA,NA,NA,NA
2008,1,19,6,1625,1625,1839,1835,WN,1482,N504SW,74,70,55,4,0,ONT,PHX,325,4,15,0,,0,NA,NA,NA,NA,NA
2009,1,3,4,1139,1130,1515,1515,WN,70,N367SW,156,165,141,0,9,SLC,STL,1156,4,11,0,,0,NA,NA,NA,NA,NA
2009,1,12,6,1020,1025,1020,1030,WN,2538,N468WN,60,65,48,-10,-5,BOI,GEG,287,4,8,0,,0,NA,NA,NA,NA,NA
2009,1,4,5,735,735,827,835,WN,1628,N736SA,52,60,43,-8,0,HOU,HRL,276,2,7,0,,0,NA,NA,NA,NA,NA
2008,1,19,6,1024,1025,1126,1140,WN,94,N760SW,62,75,49,-14,-1,BUR,OAK,325,5,8,0,,0,NA,NA,NA,NA,NA
2009,1,10,4,930,920,1136,1135,WN,1155,N700GS,66,75,54,1,10,LAX,PHX,370,5,7,0,,0,NA,NA,NA,NA,NA
2009,1,10,4,1441,1345,1540,1455,WN,2558,N375SW,59,70,49,45,56,SJC,ONT,333,4,6,0,,0,45,0,0,0,0
2009,1,4,5,1358,1400,1517,1525,WN,3771,N793SA,79,85,64,-8,-2,DTW,BWI,408,4,11,0,,0,NA,NA,NA,NA,NA
2009,1,9,3,1401,1400,1506,1505,WN,572,N217JC,65,65,48,1,1,BUF,BWI,281,5,12,0,,0,NA,NA,NA,NA,NA
2008,1,21,1,629,630,655,710,WN,1659,N353SW,86,100,74,-15,-1,CLE,BNA,448,5,7,0,,0,NA,NA,NA,NA,NA
2009,1,8,2,1914,1915,2022,2020,WN,921,N795SW,68,65,54,2,-1,BUR,SJC,296,4,10,0,,0,NA,NA,NA,NA,NA
2009,1,5,6,1446,1440,1535,1530,WN,112,N324SW,49,50,36,5,6,AUS,HOU,148,5,8,0,,0,NA,NA,NA,NA,NA
2008,1,18,5,1404,1400,1510,1515,WN,1453,N486WN,66,75,56,-5,4,LAX,OAK,337,4,6,0,,0,NA,NA,NA,NA,NA
2009,1,3,4,617,610,757,750,WN,1690,N217JC,160,160,146,7,7,TPA,MDW,997,7,7,0,,0,NA,NA,NA,NA,NA
2009,1,8,2,1230,1230,1330,1335,WN,647,N651SW,60,65,45,-5,0,PHX,ABQ,328,5,10,0,,0,NA,NA,NA,NA,NA
2009,1,11,5,1712,1700,1817,1810,WN,1257,N502SW,65,70,51,7,12,MCI,OKC,313,4,10,0,,0,NA,NA,NA,NA,NA
2009,1,5,6,1940,1830,2136,2040,WN,1600,N641SW,116,130,102,56,70,SJC,SEA,697,5,9,0,,0,6,0,0,0,50
2009,1,4,5,2256,2100,11,2215,WN,724,N601WN,75,75,60,116,116,LAX,OAK,337,5,10,0,,0,0,0,0,0,116
2009,1,12,6,1126,1130,1251,1310,WN,2254,N745SW,85,100,72,-19,-4,BWI,DTW,408,4,9,0,,0,NA,NA,NA,NA,NA
2008,1,14,1,1045,1045,1135,1140,WN,2814,N654SW,50,55,40,-5,0,RDU,BWI,255,2,8,0,,0,NA,NA,NA,NA,NA
2009,1,6,7,1941,1915,2040,2020,WN,3419,N458WN,59,65,47,20,26,BWI,BUF,281,3,9,0,,0,19,0,0,0,1
2008,1,15,2,1619,1620,1731,1735,WN,1114,N245WN,72,75,56,-4,-1,ELP,PHX,347,7,9,0,,0,NA,NA,NA,NA,NA
2009,1,4,5,748,745,915,900,WN,2460,N218WN,87,75,75,15,3,ONT,SJC,333,5,7,0,,0,0,0,15,0,0
2009,1,5,6,1827,1820,1944,1930,WN,421,N252WN,137,130,104,14,7,BWI,MDW,611,23,10,0,,0,NA,NA,NA,NA,NA
2009,1,5,6,737,735,1328,1330,WN,1206,N475WN,231,235,215,-2,2,PDX,MDW,1751,3,13,0,,0,NA,NA,NA,NA,NA
2008,1,17,4,1508,1510,1617,1620,WN,700,N757LV,69,70,52,-3,-2,BUR,OAK,325,7,10,0,,0,NA,NA,NA,NA,NA
2008,1,16,3,1522,1525,2235,2255,WN,446,N425LV,253,270,241,-20,-3,LAS,ORF,2155,3,9,0,,0,NA,NA,NA,NA,NA
2008,1,17,4,954,950,1225,1230,WN,1372,N639SW,151,160,137,-5,4,DTW,MCO,957,7,7,0,,0,NA,NA,NA,NA,NA
2008,1,16,3,2015,2015,2202,2155,WN,3413,N349SW,107,100,93,7,0,MDW,BHM,570,2,12,0,,0,NA,NA,NA,NA,NA
2008,1,14,1,2012,2015,2138,2200,WN,2204,N426WN,86,105,70,-22,-3,PHL,CMH,405,6,10,0,,0,NA,NA,NA,NA,NA
2008,1,18,5,2157,2145,2356,2345,WN,3062,N333SW,59,60,43,11,12,LAS,PHX,256,3,13,0,,0,NA,NA,NA,NA,NA
2009,1,9,3,816,820,1031,1040,WN,1690,N411WN,75,80,65,-9,-4,MDW,BUF,468,3,7,0,,0,NA,NA,NA,NA,NA
2008,1,18,5,828,825,847,840,WN,1412,N634SW,79,75,68,7,3,CMH,BNA,338,4,7,0,,0,NA,NA,NA,NA,NA
2008,1,18,5,1310,1230,1442,1400,WN,1594,N602SW,92,90,66,42,40,SAN,SFO,447,4,22,0,,0,7,0,2,0,33
2008,1,18,5,1147,1135,1217,1210,WN,3938,N683SW,90,95,72,7,12,TUS,LAX,451,10,8,0,,0,NA,NA,NA,NA,NA
2009,1,13,7,1200,1155,1319,1340,WN,542,N237WN,259,285,233,-21,5,CLE,LAS,1825,20,6,0,,0,NA,NA,NA,NA,NA
2009,1,3,4,1755,1730,1846,1830,WN,1583,N600WN,51,60,39,16,25,ONT,LAS,197,5,7,0,,0,4,0,0,0,12
2009,1,10,4,716,720,940,950,WN,3750,N224WN,84,90,75,-10,-4,ELP,DAL,562,3,6,0,,0,NA,NA,NA,NA,NA
2008,1,17,4,2020,2020,2247,2305,WN,1460,N460WN,147,165,133,-18,0,MCO,MHT,1142,6,8,0,,0,NA,NA,NA,NA,NA
2008,1,23,3,726,725,803,805,WN,1306,N511SW,97,100,83,-2,1,AUS,ELP,528,3,11,0,,0,NA,NA,NA,NA,NA
2008,1,22,2,952,950,1508,1545,WN,1622,N255WN,196,235,184,-37,2,SAN,MDW,1728,5,7,0,,0,NA,NA,NA,NA,NA
2008,1,22,2,1811,1815,2352,10,WN,195,N455WN,221,235,207,-18,-4,OAK,MDW,1844,5,9,0,,0,NA,NA,NA,NA,NA
2009,1,9,3,1851,1840,2057,2050,WN,342,N264LV,66,70,54,7,11,BHM,SDF,323,5,7,0,,0,NA,NA,NA,NA,NA
2009,1,14,1,1652,1655,1759,1805,WN,990,N632SW,67,70,52,-6,-3,BWI,ALB,288,6,9,0,,0,NA,NA,NA,NA,NA
2008,1,15,2,1500,1505,1737,1740,WN,2114,N248WN,157,155,144,-3,-5,TPA,BUF,1054,5,8,0,,0,NA,NA,NA,NA,NA
2008,1,17,4,1638,1620,1718,1705,WN,2116,N376SW,40,45,28,13,18,HOU,AUS,148,3,9,0,,0,NA,NA,NA,NA,NA
2009,1,4,5,1806,1800,1910,1910,WN,802,N209WN,64,70,49,0,6,SAN,LAS,258,6,9,0,,0,NA,NA,NA,NA,NA
2008,1,15,2,1022,1025,1116,1125,WN,1357,N383SW,54,60,43,-9,-3,HOU,MSY,303,3,8,0,,0,NA,NA,NA,NA,NA
2009,1,3,4,619,615,819,820,WN,991,N297WN,120,125,104,-1,4,SEA,OAK,671,4,12,0,,0,NA,NA,NA,NA,NA
2008,1,17,4,1651,1650,1809,1825,WN,3776,N631SW,138,155,127,-16,1,MCO,STL,880,4,7,0,,0,NA,NA,NA,NA,NA
2008,1,17,4,1854,1855,35,40,WN,1754,N207WN,221,225,208,-5,-1,LAX,MDW,1750,4,9,0,,0,NA,NA,NA,NA,NA
2008,1,20,7,1222,1225,1504,1505,WN,1080,N249WN,102,100,75,-1,-3,LAS,ELP,584,4,23,0,,0,NA,NA,NA,NA,NA
2008,1,22,2,1119,1120,1318,1330,WN,1445,N904WN,59,70,45,-12,-1,SAN,PHX,304,4,10,0,,0,NA,NA,NA,NA,NA
2009,1,13,7,2106,2105,2230,2235,WN,1274,N326SW,84,90,67,-5,1,LAS,SFO,414,5,12,0,,0,NA,NA,NA,NA,NA
2009,1,8,2,1903,1855,1944,1945,WN,2027,N601WN,101,110,84,-1,8,DAL,ABQ,580,6,11,0,,0,NA,NA,NA,NA,NA
2008,1,18,5,1833,1805,1857,1845,WN,889,N308SA,84,100,75,12,28,BOI,LAS,520,3,6,0,,0,NA,NA,NA,NA,NA
2008,1,22,2,1222,1225,1431,1445,WN,532,N650SW,69,80,60,-14,-3,BHM,TPA,460,3,6,0,,0,NA,NA,NA,NA,NA
2009,1,13,7,2135,2030,2221,2130,WN,48,N784SW,106,120,91,51,65,ABQ,LAX,677,9,6,0,,0,0,0,0,0,51
2009,1,9,3,2019,2020,2318,2325,WN,51,N361SW,119,125,107,-7,-1,HOU,MCO,848,4,8,0,,0,NA,NA,NA,NA,NA
2008,1,18,5,819,815,948,940,WN,3071,N345SA,89,85,72,8,4,OAK,LAS,407,4,13,0,,0,NA,NA,NA,NA,NA
2008,1,16,3,621,625,720,725,WN,389,N503SW,59,60,42,-5,-4,STL,MDW,251,5,12,0,,0,NA,NA,NA,NA,NA
2009,1,10,4,651,655,754,800,WN,2974,N274WN,63,65,49,-6,-4,LBB,AUS,341,5,9,0,,0,NA,NA,NA,NA,NA
2008,1,21,1,1506,1355,2101,2005,WN,2186,N794SW,235,250,223,56,71,PHX,BWI,1999,4,8,0,,0,2,0,0,0,54
2008,1,19,6,1038,1025,1234,1225,WN,270,N266WN,56,60,46,9,13,MDW,CMH,284,3,7,0,,0,NA,NA,NA,NA,NA
2008,1,18,5,612,615,804,815,WN,1664,N347SW,52,60,38,-11,-3,GEG,BOI,287,2,12,0,,0,NA,NA,NA,NA,NA
2009,1,14,1,1239,1240,1606,1620,WN,3689,N231WN,147,160,131,-14,-1,MCI,MCO,1072,6,10,0,,0,NA,NA,NA,NA,NA
2008,1,20,7,630,630,1143,1155,WN,2625,N412WN,193,205,177,-12,0,LAS,BNA,1588,5,11,0,,0,NA,NA,NA,NA,NA
2009,1,3,4,808,800,920,915,WN,3245,N780SW,72,75,54,5,8,OAK,LAX,337,8,10,0,,0,NA,NA,NA,NA,NA
2009,1,8,2,1930,1930,2052,2045,WN,391,N248WN,82,75,64,7,0,BUR,OAK,325,3,15,0,,0,NA,NA,NA,NA,NA
2009,1,8,2,1401,1345,1512,1500,WN,901,N386SW,131,135,114,12,16,HOU,ABQ,759,4,13,0,,0,NA,NA,NA,NA,NA
2009,1,5,6,1033,1035,1135,1145,WN,2707,N799SW,62,70,52,-10,-2,BDL,BWI,283,3,7,0,,0,NA,NA,NA,NA,NA
2008,1,22,2,615,615,737,755,WN,813,N440LV,82,100,68,-18,0,PHX,SLC,507,4,10,0,,0,NA,NA,NA,NA,NA
2009,1,13,7,1959,2000,2057,2055,WN,2011,N661SW,58,55,44,2,-1,HOU,MSY,303,4,10,0,,0,NA,NA,NA,NA,NA
2009,1,9,3,1645,1645,1732,1740,WN,2645,N602SW,47,55,38,-8,0,SJC,RNO,188,2,7,0,,0,NA,NA,NA,NA,NA
2009,1,3,4,737,735,1322,1330,WN,1206,N469WN,225,235,209,-8,2,PDX,MDW,1751,6,10,0,,0,NA,NA,NA,NA,NA
2008,1,16,3,1909,1915,2143,2150,WN,3135,N290WN,154,155,136,-7,-6,PBI,ISP,1052,5,13,0,,0,NA,NA,NA,NA,NA
2008,1,14,1,801,805,949,950,WN,2636,N470WN,168,165,137,-1,-4,TPA,MDW,997,23,8,0,,0,NA,NA,NA,NA,NA
2009,1,5,6,1703,1630,2019,1915,WN,1161,N491WN,316,285,279,64,33,MDW,OAK,1844,30,7,0,,0,33,0,31,0,0
2008,1,14,1,1503,1505,1550,1600,WN,189,N467WN,107,115,93,-10,-2,PHX,SJC,621,3,11,0,,0,NA,NA,NA,NA,NA
2009,1,7,1,627,620,856,915,WN,2985,N766SW,149,175,129,-19,7,PHL,TPA,920,4,16,0,,0,NA,NA,NA,NA,NA
2008,1,18,5,847,845,958,955,WN,2612,N366SW,131,130,108,3,2,MCI,ABQ,718,6,17,0,,0,NA,NA,NA,NA,NA
2008,1,15,2,1319,1320,1558,1610,WN,1357,N383SW,99,110,89,-12,-1,BHM,BWI,682,4,6,0,,0,NA,NA,NA,NA,NA
2009,1,10,4,957,1000,1112,1105,WN,29,N672SW,75,65,59,7,-3,MDW,STL,251,8,8,0,,0,NA,NA,NA,NA,NA
2009,1,3,4,1700,1605,1805,1725,WN,2730,N273WN,245,260,236,40,55,SDF,LAS,1624,4,5,0,,0,1,0,0,0,39
2008,1,16,3,946,945,1059,1105,WN,3588,N403WN,73,80,62,-6,1,LAS,RNO,345,2,9,0,,0,NA,NA,NA,NA,NA
2008,1,14,1,1959,2005,2054,2105,WN,1857,N621SW,55,60,43,-11,-6,STL,MCI,237,5,7,0,,0,NA,NA,NA,NA,NA
2009,1,7,1,1203,1205,1347,1410,WN,1244,N286WN,104,125,92,-23,-2,BWI,JAX,663,3,9,0,,0,NA,NA,NA,NA,NA
2009,1,4,5,1552,1540,1852,1850,WN,79,N725SW,120,130,93,2,12,MDW,PHL,668,9,18,0,,0,NA,NA,NA,NA,NA
2009,1,11,5,912,905,1024,1025,WN,475,N763SW,72,80,51,-1,7,SFO,LAX,337,8,13,0,,0,NA,NA,NA,NA,NA
2009,1,7,1,1053,1050,1339,1325,WN,1636,N345SA,166,155,144,14,3,LAS,GEG,806,4,18,0,,0,NA,NA,NA,NA,NA
2009,1,8,2,1253,1300,1626,1630,WN,401,N490WN,153,150,131,-4,-7,MDW,MCO,989,5,17,0,,0,NA,NA,NA,NA,NA
2009,1,11,5,717,720,912,925,WN,889,N750SA,115,125,102,-13,-3,MCO,BWI,787,5,8,0,,0,NA,NA,NA,NA,NA
2008,1,16,3,1120,1125,1359,1415,WN,1561,N370SW,99,110,85,-16,-5,OAK,PHX,646,3,11,0,,0,NA,NA,NA,NA,NA
2009,1,3,4,1258,1125,1429,1310,WN,29,N652SW,91,105,79,79,93,STL,DAL,546,3,9,0,,0,2,0,0,0,77
2008,1,21,1,604,605,656,700,WN,1548,N343SW,52,55,36,-4,-1,LAS,ONT,197,4,12,0,,0,NA,NA,NA,NA,NA
2008,1,22,2,737,730,1213,1225,WN,3679,N288WN,156,175,144,-12,7,LAS,HOU,1235,3,9,0,,0,NA,NA,NA,NA,NA
2008,1,19,6,1848,1850,1916,1930,WN,1274,N360SW,88,100,77,-14,-2,OKC,DEN,495,4,7,0,,0,NA,NA,NA,NA,NA
2009,1,14,1,1427,1420,1540,1540,WN,2354,N337SW,133,140,118,0,7,FLL,BNA,793,5,10,0,,0,NA,NA,NA,NA,NA
2008,1,19,6,1332,1330,1416,1420,WN,1658,N253WN,44,50,32,-4,2,ORF,BWI,159,4,8,0,,0,NA,NA,NA,NA,NA
2009,1,13,7,1305,1245,1552,1530,WN,720,N521SW,107,105,90,22,20,LAX,ABQ,677,3,14,0,,0,0,0,2,0,20
2009,1,4,5,1910,1825,2150,2115,WN,3236,N460WN,100,110,82,35,45,SJC,PHX,621,5,13,0,,0,0,0,0,6,29
2009,1,12,6,1926,1920,2031,2030,WN,178,N511SW,65,70,57,1,6,MSY,HOU,303,3,5,0,,0,NA,NA,NA,NA,NA
2008,1,17,4,1702,1630,1927,1850,WN,1112,N445WN,145,140,131,37,32,LAS,GEG,806,4,10,0,,0,0,0,5,0,32
2009,1,5,6,1537,1445,2118,2040,WN,771,N298WN,221,235,209,38,52,LAX,MDW,1750,4,8,0,,0,25,0,0,0,13
2009,1,9,3,826,830,1031,1100,WN,3767,N673AA,125,150,115,-29,-4,BNA,SAT,822,2,8,0,,0,NA,NA,NA,NA,NA
2009,1,13,7,1736,1725,2344,2345,WN,3077,N275WN,248,260,233,-1,11,PHX,PHL,2075,9,6,0,,0,NA,NA,NA,NA,NA
2009,1,7,1,1827,1825,2334,2340,WN,3327,N731SA,187,195,171,-6,2,LAS,MSY,1501,4,12,0,,0,NA,NA,NA,NA,NA
2008,1,16,3,1639,1645,1754,1810,WN,1604,N400WN,75,85,65,-16,-6,SMF,SAN,480,3,7,0,,0,NA,NA,NA,NA,NA
2009,1,9,3,1000,1000,1106,1105,WN,2009,N407WN,66,65,49,1,0,OMA,STL,342,5,12,0,,0,NA,NA,NA,NA,NA
2009,1,12,6,1710,1715,1802,1810,WN,3321,N405WN,52,55,42,-8,-5,HOU,SAT,192,3,7,0,,0,NA,NA,NA,NA,NA
2009,1,4,5,1127,1125,1327,1340,WN,748,N458WN,120,135,109,-13,2,CMH,TPA,829,4,7,0,,0,NA,NA,NA,NA,NA
2008,1,18,5,1218,1210,1324,1315,WN,3585,N326SW,66,65,54,9,8,DAL,LBB,293,4,8,0,,0,NA,NA,NA,NA,NA
2008,1,20,7,1415,1415,1502,1505,WN,315,N348SW,47,50,29,-3,0,AUS,HOU,148,3,15,0,,0,NA,NA,NA,NA,NA
2008,1,15,2,2005,1935,2106,2035,WN,289,N653SW,121,120,105,31,30,PHX,OAK,646,5,11,0,,0,0,0,1,0,30
2008,1,19,6,1518,1520,NA,1810,WN,1287,N661SW,NA,170,NA,NA,-2,PHL,TPA,920,NA,12,0,,1,NA,NA,NA,NA,NA
2009,1,3,4,1555,1525,2307,2245,WN,1027,N230WN,252,260,232,22,30,LAS,IAD,2066,7,13,0,,0,6,0,0,0,16
2008,1,16,3,2042,2045,2317,2305,WN,2374,N343SW,95,80,64,12,-3,BNA,RDU,443,1,30,0,,0,NA,NA,NA,NA,NA
2009,1,14,1,1933,1920,2226,2220,WN,1223,N241WN,113,120,96,6,13,MDW,ISP,765,7,10,0,,0,NA,NA,NA,NA,NA
2008,1,15,2,2027,2030,2226,2230,WN,273,N321SW,59,60,49,-4,-3,ABQ,MAF,332,3,7,0,,0,NA,NA,NA,NA,NA
2008,1,17,4,701,700,907,910,WN,2093,N465WN,126,130,107,-3,1,BWI,JAX,663,5,14,0,,0,NA,NA,NA,NA,NA
2009,1,3,4,1231,1225,1433,1435,WN,1506,N737JW,62,70,48,-2,6,SNA,PHX,338,3,11,0,,0,NA,NA,NA,NA,NA
2008,1,19,6,1735,1735,1820,1835,WN,1130,N627SW,105,120,89,-15,0,SLC,LAX,590,9,7,0,,0,NA,NA,NA,NA,NA
2009,1,3,4,847,850,1005,1015,WN,265,N407WN,78,85,69,-10,-3,SMF,SNA,404,3,6,0,,0,NA,NA,NA,NA,NA
2008,1,14,1,816,815,954,955,WN,1512,N386SW,98,100,82,-1,1,PHX,SLC,507,4,12,0,,0,NA,NA,NA,NA,NA
2009,1,8,2,722,725,758,805,WN,2524,N604SW,96,100,84,-7,-3,AUS,ELP,528,3,9,0,,0,NA,NA,NA,NA,NA
2009,1,7,1,2147,2055,2332,2255,WN,2730,N433LV,105,120,97,37,52,OAK,SEA,671,4,4,0,,0,2,0,0,0,35
2008,1,15,2,648,640,1157,1150,WN,2365,N648SW,189,190,177,7,8,LAX,MCI,1363,3,9,0,,0,NA,NA,NA,NA,NA
2008,1,15,2,1448,1450,1537,1545,WN,3420,N477WN,49,55,39,-8,-2,SAT,DAL,248,5,5,0,,0,NA,NA,NA,NA,NA
2009,1,10,4,2142,2115,2342,2320,WN,2458,N729SW,60,65,49,22,27,ONT,PHX,325,5,6,0,,0,8,0,0,0,14
2009,1,11,5,952,955,1130,1140,WN,1392,N782SA,98,105,84,-10,-3,HOU,BNA,670,4,10,0,,0,NA,NA,NA,NA,NA
2009,1,14,1,1734,1740,1828,1915,WN,1334,N437WN,234,275,225,-47,-6,CMH,LAS,1772,4,5,0,,0,NA,NA,NA,NA,NA
2009,1,4,5,959,1000,1058,1105,WN,2009,N501SW,59,65,48,-7,-1,OMA,STL,342,4,7,0,,0,NA,NA,NA,NA,NA
2008,1,14,1,802,725,1102,1035,WN,3945,N761RR,360,370,292,27,37,PVD,LAS,2363,4,64,0,,0,27,0,0,0,0
2009,1,10,4,1924,1925,2037,2055,WN,2900,N292WN,73,90,65,-18,-1,TUL,HOU,453,3,5,0,,0,NA,NA,NA,NA,NA
2009,1,13,7,2129,2130,2222,2225,WN,62,N215WN,53,55,42,-3,-1,HOU,DAL,239,4,7,0,,0,NA,NA,NA,NA,NA
2008,1,18,5,1636,1525,1758,1645,WN,3141,N472WN,82,80,71,73,71,SMF,SNA,404,4,7,0,,0,6,0,2,0,65
2009,1,6,7,1038,1010,1322,1110,WN,2549,N738CB,224,120,103,132,28,SLC,LAX,590,8,113,0,,0,0,0,131,0,1
2009,1,10,4,829,820,1023,1045,WN,635,N713SW,234,265,222,-22,9,MDW,SAN,1728,3,9,0,,0,NA,NA,NA,NA,NA
2009,1,5,6,1511,1450,1731,1700,WN,440,N301SW,260,250,245,31,21,STL,LAX,1593,6,9,0,,0,12,0,10,0,9
2009,1,11,5,1828,1830,1919,1930,WN,56,N507SW,51,60,42,-11,-2,HRL,HOU,276,3,6,0,,0,NA,NA,NA,NA,NA
2009,1,3,4,648,650,1123,1135,WN,2972,N634SW,155,165,137,-12,-2,LAS,MCI,1140,4,14,0,,0,NA,NA,NA,NA,NA
2008,1,21,1,1100,1105,1239,1305,WN,1658,N265WN,99,120,87,-26,-5,TPA,ORF,717,3,9,0,,0,NA,NA,NA,NA,NA
2008,1,16,3,1103,1100,1357,1410,WN,1154,N335SW,114,130,101,-13,3,PHX,OKC,833,4,9,0,,0,NA,NA,NA,NA,NA
2009,1,6,7,1517,1505,1626,1605,WN,1662,N718SW,129,120,110,21,12,IAD,MDW,577,6,13,0,,0,12,0,9,0,0
2008,1,16,3,NA,800,NA,1045,WN,264,,NA,285,NA,NA,NA,MDW,OAK,1844,NA,NA,1,A,0,NA,NA,NA,NA,NA
2009,1,8,2,653,650,828,835,WN,2121,N671SW,215,225,203,-7,3,STL,LAS,1372,5,7,0,,0,NA,NA,NA,NA,NA
2008,1,21,1,1357,1345,1506,1455,WN,3660,N620SW,69,70,55,11,12,BWI,PVD,328,5,9,0,,0,NA,NA,NA,NA,NA
2009,1,7,1,1303,1305,1404,1410,WN,2361,N387SW,61,65,48,-6,-2,MDW,STL,251,4,9,0,,0,NA,NA,NA,NA,NA
2008,1,15,2,857,850,1052,1045,WN,1376,N312SW,175,175,160,7,7,BWI,MSY,998,3,12,0,,0,NA,NA,NA,NA,NA
2008,1,20,7,941,945,1058,1110,WN,698,N669SW,77,85,67,-12,-4,HOU,MAF,441,2,8,0,,0,NA,NA,NA,NA,NA
2008,1,17,4,1623,1625,1728,1730,WN,1019,N617SW,65,65,42,-2,-2,LAX,LAS,236,7,16,0,,0,NA,NA,NA,NA,NA
2009,1,10,4,1639,1620,1733,1715,WN,510,N245WN,114,115,98,18,19,DEN,LAS,629,4,12,0,,0,0,0,0,0,18
2008,1,17,4,930,930,1037,1040,WN,2093,N465WN,67,70,55,-3,0,JAX,FLL,318,4,8,0,,0,NA,NA,NA,NA,NA
2009,1,9,3,1233,1235,1440,1445,WN,316,N478WN,67,70,52,-5,-2,SAN,PHX,304,5,10,0,,0,NA,NA,NA,NA,NA
2009,1,4,5,1729,1655,1945,1910,WN,3048,N601WN,76,75,58,35,34,LAX,TUS,451,3,15,0,,0,1,0,1,0,33
2009,1,6,7,1132,1135,1249,1300,WN,426,N645SW,77,85,67,-11,-3,DTW,BWI,408,3,7,0,,0,NA,NA,NA,NA,NA
2008,1,22,2,1943,1935,2201,2200,WN,2381,N692SW,78,85,60,1,8,LAS,ABQ,487,4,14,0,,0,NA,NA,NA,NA,NA
2008,1,23,3,1342,1345,1556,1615,WN,3482,N222WN,134,150,121,-19,-3,CLE,MCO,895,6,7,0,,0,NA,NA,NA,NA,NA
2008,1,20,7,940,945,1052,1100,WN,222,N658SW,72,75,59,-8,-5,MAF,HOU,441,3,10,0,,0,NA,NA,NA,NA,NA
2009,1,13,7,1408,1400,1508,1505,WN,1667,N402WN,60,65,41,3,8,LAS,BUR,223,2,17,0,,0,NA,NA,NA,NA,NA
2008,1,17,4,2030,1845,2157,2020,WN,1525,N490WN,87,95,65,97,105,CMH,PHL,405,12,10,0,,0,0,0,97,0,0
2008,1,17,4,1047,1040,1254,1250,WN,1617,N213WN,127,130,107,4,7,SJC,SEA,697,4,16,0,,0,NA,NA,NA,NA,NA
2008,1,19,6,950,935,1213,1215,WN,1557,N442WN,143,160,127,-2,15,MCO,PVD,1073,4,12,0,,0,NA,NA,NA,NA,NA
2009,1,4,5,1221,1205,1317,1305,WN,432,N622SW,56,60,44,12,16,BWI,ISP,220,3,9,0,,0,NA,NA,NA,NA,NA
2009,1,4,5,627,625,935,945,WN,223,N203WN,128,140,110,-10,2,DEN,MDW,895,6,12,0,,0,NA,NA,NA,NA,NA
2009,1,11,5,2101,2105,2149,2200,WN,85,N277WN,48,55,38,-11,-4,RDU,BWI,255,4,6,0,,0,NA,NA,NA,NA,NA
2009,1,6,7,617,615,727,735,WN,971,N472WN,70,80,60,-8,2,JAN,HOU,359,3,7,0,,0,NA,NA,NA,NA,NA
2009,1,3,4,2011,2015,2103,2105,WN,549,N363SW,52,50,37,-2,-4,ORF,BWI,159,2,13,0,,0,NA,NA,NA,NA,NA
2009,1,13,7,1610,1515,1716,1630,WN,101,N373SW,66,75,51,46,55,BWI,CLE,314,7,8,0,,0,0,0,0,0,46
2008,1,21,1,1739,1655,1828,1745,WN,217,N672SW,49,50,38,43,44,AUS,HOU,148,4,7,0,,0,0,0,0,0,43
2008,1,17,4,1407,1410,1508,1515,WN,427,N479WN,61,65,41,-7,-3,LAS,LAX,236,9,11,0,,0,NA,NA,NA,NA,NA
2009,1,9,3,1649,1645,1746,1755,WN,1192,N462WN,57,70,50,-9,4,MSY,HOU,303,3,4,0,,0,NA,NA,NA,NA,NA
2009,1,9,3,1411,1410,1536,1545,WN,2900,N754SW,145,155,133,-9,1,MHT,MDW,838,4,8,0,,0,NA,NA,NA,NA,NA
2009,1,6,7,1407,1335,1529,1440,WN,3144,N298WN,82,65,45,49,32,LAX,LAS,236,5,32,0,,0,16,0,17,0,16
2008,1,20,7,2200,2150,2310,2305,WN,288,N755SA,70,75,56,5,10,MCI,MDW,405,5,9,0,,0,NA,NA,NA,NA,NA
2008,1,22,2,2056,2100,4,30,WN,536,N786SW,128,150,116,-26,-4,PHX,MCI,1044,4,8,0,,0,NA,NA,NA,NA,NA
2008,1,21,1,1728,1705,1838,1810,WN,49,N378SW,70,65,56,28,23,LIT,DAL,296,6,8,0,,0,6,0,5,0,17
2009,1,7,1,1404,1345,1611,1540,WN,1012,N612SW,187,175,171,31,19,PHX,PDX,1009,2,14,0,,0,5,0,12,0,14
2008,1,20,7,740,745,835,845,WN,1923,N465WN,55,60,45,-10,-5,LAS,BUR,223,2,8,0,,0,NA,NA,NA,NA,NA
2009,1,8,2,831,830,1007,1010,WN,769,N320SW,96,100,73,-3,1,SLC,PHX,507,5,18,0,,0,NA,NA,NA,NA,NA
2009,1,7,1,1234,1210,1428,1415,WN,481,N439WN,114,125,89,13,24,SEA,OAK,671,6,19,0,,0,NA,NA,NA,NA,NA
2009,1,11,5,1907,1905,2117,2115,WN,386,N755SA,70,70,58,2,2,LAX,PHX,370,6,6,0,,0,NA,NA,NA,NA,NA
2009,1,14,1,1025,1030,1324,1345,WN,3933,N271WN,179,195,165,-21,-5,BDL,TPA,1111,4,10,0,,0,NA,NA,NA,NA,NA
2008,1,19,6,1253,1240,1355,1340,WN,1550,N670SW,62,60,48,15,13,STL,MCI,237,7,7,0,,0,4,0,2,0,9
2009,1,6,7,1355,1330,1511,1455,WN,2719,N764SW,76,85,64,16,25,OAK,SAN,446,3,9,0,,0,4,0,0,0,12
2009,1,5,6,1034,1035,1317,1325,WN,3429,N732SW,163,170,149,-8,-1,MCO,MHT,1142,4,10,0,,0,NA,NA,NA,NA,NA
2008,1,20,7,845,850,932,950,WN,2614,N395SW,107,120,92,-18,-5,MCO,BNA,616,4,11,0,,0,NA,NA,NA,NA,NA
2009,1,12,6,1027,1025,1328,1330,WN,710,N333SW,241,245,229,-2,2,BWI,SAT,1407,4,8,0,,0,NA,NA,NA,NA,NA
2008,1,21,1,2112,2000,2243,2130,WN,2033,N342SW,91,90,76,73,72,SAN,OAK,446,5,10,0,,0,12,0,1,0,60
2009,1,12,6,629,630,738,730,WN,98,N675AA,69,60,43,8,-1,GEG,SEA,224,6,20,0,,0,NA,NA,NA,NA,NA
2008,1,15,2,1823,1830,2028,2100,WN,1598,N701GS,245,270,235,-32,-7,MDW,SMF,1790,3,7,0,,0,NA,NA,NA,NA,NA
2009,1,14,1,1809,1800,1902,1900,WN,47,N501SW,53,60,42,2,9,DAL,HOU,239,3,8,0,,0,NA,NA,NA,NA,NA
2009,1,11,5,1758,1755,1911,1910,WN,2361,N310SW,73,75,57,1,3,ELP,PHX,347,7,9,0,,0,NA,NA,NA,NA,NA
2009,1,13,7,856,900,1058,1125,WN,1766,N294WN,242,265,222,-27,-4,MDW,SAN,1728,2,18,0,,0,NA,NA,NA,NA,NA
2009,1,11,5,1300,1300,1313,1320,WN,584,N274WN,73,80,54,-7,0,SLC,LAS,368,5,14,0,,0,NA,NA,NA,NA,NA
2009,1,10,4,1031,1035,1251,1330,WN,2995,N751SW,140,175,119,-39,-4,PHL,MCO,861,6,15,0,,0,NA,NA,NA,NA,NA
2008,1,15,2,1225,1230,1308,1315,WN,717,N250WN,103,105,83,-7,-5,SLC,GEG,546,3,17,0,,0,NA,NA,NA,NA,NA
2009,1,13,7,956,1000,1045,1055,WN,3661,N601WN,109,115,94,-10,-4,PHX,RNO,601,3,12,0,,0,NA,NA,NA,NA,NA
2009,1,12,6,957,1000,1101,1105,WN,29,N631SW,64,65,49,-4,-3,MDW,STL,251,3,12,0,,0,NA,NA,NA,NA,NA
2009,1,4,5,2053,1940,2228,2115,WN,2369,N405WN,95,95,78,73,73,SLC,PHX,507,7,10,0,,0,9,0,0,0,64
2008,1,16,3,1201,1155,1248,1245,WN,880,N603SW,47,50,32,3,6,SAT,HOU,192,3,12,0,,0,NA,NA,NA,NA,NA
2009,1,9,3,728,730,821,830,WN,631,N285WN,53,60,44,-9,-2,MDW,STL,251,4,5,0,,0,NA,NA,NA,NA,NA
2009,1,8,2,1649,1645,1844,1840,WN,94,N238WN,295,295,278,4,4,PIT,LAS,1910,5,12,0,,0,NA,NA,NA,NA,NA
2009,1,10,4,1725,1720,1810,1815,WN,3492,N709SW,105,115,89,-5,5,TPA,BNA,612,5,11,0,,0,NA,NA,NA,NA,NA
2009,1,12,6,847,850,1012,1020,WN,621,N389SW,85,90,74,-8,-3,SMF,PDX,479,3,8,0,,0,NA,NA,NA,NA,NA
2009,1,11,5,1600,1415,1728,1545,WN,1082,N613SW,88,90,75,103,105,MHT,PHL,290,4,9,0,,0,0,0,0,0,103
2009,1,13,7,1644,1645,1852,1845,WN,1401,N338SW,68,60,57,7,-1,PDX,BOI,344,2,9,0,,0,NA,NA,NA,NA,NA
2009,1,6,7,1158,1155,1209,1205,WN,585,N447WN,71,70,58,4,3,PHX,SAN,304,2,11,0,,0,NA,NA,NA,NA,NA
2009,1,9,3,1731,1735,1853,1900,WN,1423,N327SW,82,85,74,-7,-4,MDW,OMA,423,2,6,0,,0,NA,NA,NA,NA,NA
2008,1,22,2,957,1000,1047,1050,WN,483,N427WN,110,110,101,-3,-3,ABQ,SAN,628,2,7,0,,0,NA,NA,NA,NA,NA
2009,1,10,4,1600,1600,1710,1715,WN,806,N239WN,70,75,54,-5,0,ABQ,PHX,328,3,13,0,,0,NA,NA,NA,NA,NA
2009,1,14,1,NA,635,NA,805,WN,1368,,NA,90,NA,NA,NA,MHT,PHL,290,NA,NA,1,B,0,NA,NA,NA,NA,NA
2009,1,10,4,1850,1840,2002,1950,WN,1950,N349SW,72,70,57,12,10,MSY,HOU,303,3,12,0,,0,NA,NA,NA,NA,NA
2008,1,17,4,929,930,1039,1050,WN,255,N660SW,70,80,60,-11,-1,ELP,PHX,347,5,5,0,,0,NA,NA,NA,NA,NA
2008,1,22,2,1711,1620,1829,1740,WN,3493,N496WN,78,80,61,49,51,SMF,LAX,373,9,8,0,,0,0,0,0,0,49
2009,1,6,7,2108,1930,2232,2035,WN,2528,N459WN,84,65,59,117,98,LAX,SJC,308,13,12,0,,0,16,0,19,0,82
2009,1,10,4,731,735,939,1000,WN,3231,N287WN,128,145,111,-21,-4,IAD,TPA,810,5,12,0,,0,NA,NA,NA,NA,NA
2009,1,4,5,1614,1600,1915,1910,WN,3409,N514SW,121,130,103,5,14,PHX,AUS,872,5,13,0,,0,NA,NA,NA,NA,NA
2009,1,14,1,559,600,811,805,WN,543,N902WN,72,65,58,6,-1,MDW,CLE,307,5,9,0,,0,NA,NA,NA,NA,NA
2009,1,9,3,653,655,813,815,WN,3054,N233LV,80,80,67,-2,-2,DTW,BWI,408,3,10,0,,0,NA,NA,NA,NA,NA
2009,1,13,7,647,645,807,820,WN,542,N237WN,80,95,71,-13,2,MCO,RDU,534,1,8,0,,0,NA,NA,NA,NA,NA
2008,1,14,1,1744,1745,1849,1850,WN,379,N438WN,65,65,49,-1,-1,SNA,LAS,226,5,11,0,,0,NA,NA,NA,NA,NA
2008,1,17,4,2135,2055,2235,2155,WN,967,N649SW,60,60,50,40,40,MDW,STL,251,2,8,0,,0,40,0,0,0,0
2009,1,11,5,736,740,834,840,WN,3591,N653SW,58,60,45,-6,-4,DAL,SAT,248,3,10,0,,0,NA,NA,NA,NA,NA
2009,1,10,4,1839,1835,1933,1940,WN,55,N528SW,54,65,45,-7,4,AMA,DAL,324,3,6,0,,0,NA,NA,NA,NA,NA
2009,1,4,5,1030,1025,1147,1140,WN,98,N633SW,77,75,62,7,5,SJC,SAN,417,3,12,0,,0,NA,NA,NA,NA,NA
2009,1,4,5,848,835,1110,1105,WN,561,N782SA,262,270,249,5,13,MDW,PDX,1751,3,10,0,,0,NA,NA,NA,NA,NA
2009,1,14,1,659,700,955,950,WN,1097,N201LV,116,110,93,5,-1,BHM,BWI,682,2,21,0,,0,NA,NA,NA,NA,NA
2008,1,20,7,1618,1620,1752,1750,WN,2196,N204WN,94,90,74,2,-2,LAS,SFO,414,5,15,0,,0,NA,NA,NA,NA,NA
2009,1,13,7,1040,1040,1547,1550,WN,323,N762SW,187,190,162,-3,0,LAS,STL,1372,15,10,0,,0,NA,NA,NA,NA,NA
2008,1,22,2,656,655,759,750,WN,3498,N311SW,123,115,104,9,1,MCO,BNA,616,5,14,0,,0,NA,NA,NA,NA,NA
2008,1,19,6,1249,1240,1549,1555,WN,369,N700GS,300,315,283,-6,9,BWI,PHX,1999,7,10,0,,0,NA,NA,NA,NA,NA
2009,1,8,2,1718,1705,1817,1815,WN,1417,N509SW,59,70,50,2,13,DAL,AMA,324,4,5,0,,0,NA,NA,NA,NA,NA
2009,1,14,1,911,915,1030,1040,WN,908,N265WN,79,85,68,-10,-4,JAX,ORF,543,4,7,0,,0,NA,NA,NA,NA,NA
2009,1,4,5,1631,1610,1832,1820,WN,1014,N331SW,61,70,40,12,21,MDW,DTW,229,7,14,0,,0,NA,NA,NA,NA,NA
2008,1,15,2,1924,1925,2019,2025,WN,1360,N900WN,55,60,46,-6,-1,DAL,SAT,248,3,6,0,,0,NA,NA,NA,NA,NA
2009,1,6,7,645,650,745,750,WN,670,N379SW,60,60,50,-5,-5,LAS,BUR,223,2,8,0,,0,NA,NA,NA,NA,NA
2009,1,8,2,955,1000,1000,1010,WN,63,N237WN,65,70,56,-10,-5,SDF,BHM,323,3,6,0,,0,NA,NA,NA,NA,NA
2009,1,12,6,820,820,943,945,WN,4,N472WN,83,85,64,-2,0,DAL,MCI,461,5,14,0,,0,NA,NA,NA,NA,NA
2009,1,8,2,2023,2000,2129,2110,WN,2474,N314SW,66,70,51,19,23,CMH,BWI,336,4,11,0,,0,0,0,0,0,19
2008,1,20,7,842,840,1203,1215,WN,412,N243WN,141,155,128,-12,2,MDW,TPA,997,3,10,0,,0,NA,NA,NA,NA,NA
2009,1,11,5,1927,1930,32,55,WN,3940,N761RR,185,205,175,-23,-3,LAS,BNA,1588,3,7,0,,0,NA,NA,NA,NA,NA
2008,1,17,4,1619,1510,1621,1515,WN,1047,N751SW,62,65,46,66,69,PHX,SAN,304,3,13,0,,0,66,0,0,0,0
2008,1,17,4,1528,1525,1640,1645,WN,3141,N410WN,72,80,61,-5,3,SMF,SNA,404,4,7,0,,0,NA,NA,NA,NA,NA
2009,1,6,7,1621,1300,2331,2025,WN,380,N254WN,250,265,235,186,201,LAS,MCO,2039,3,12,0,,0,167,0,0,0,19
2009,1,14,1,1138,1140,1136,1155,WN,2947,N362SW,118,135,105,-19,-2,LBB,LAS,775,7,6,0,,0,NA,NA,NA,NA,NA
2008,1,18,5,1200,1155,1242,1245,WN,880,N372SW,42,50,34,-3,5,SAT,HOU,192,2,6,0,,0,NA,NA,NA,NA,NA
2008,1,14,1,745,745,759,805,WN,1444,N436WN,74,80,58,-6,0,PHX,LAX,370,5,11,0,,0,NA,NA,NA,NA,NA
2009,1,7,1,731,730,1000,945,WN,250,N611SW,209,195,199,15,1,LIT,PHX,1136,4,6,0,,0,0,0,15,0,0
2008,1,23,3,1850,1820,1957,1930,WN,44,N380SW,67,70,55,27,30,DAL,MAF,319,5,7,0,,0,0,0,0,0,27
2009,1,9,3,1041,1040,1202,1220,WN,430,N773SA,141,160,130,-18,1,MCO,HOU,848,3,8,0,,0,NA,NA,NA,NA,NA
2009,1,13,7,1522,1520,1903,1910,WN,1082,N230WN,161,170,145,-7,2,HOU,BWI,1246,7,9,0,,0,NA,NA,NA,NA,NA
2009,1,11,5,1936,1935,2043,2050,WN,160,N243WN,67,75,53,-7,1,ABQ,PHX,328,7,7,0,,0,NA,NA,NA,NA,NA
2008,1,15,2,1344,1345,1409,1410,WN,2462,N788SA,85,85,74,-1,-1,TPA,BHM,460,2,9,0,,0,NA,NA,NA,NA,NA
2009,1,10,4,1039,1040,1158,1200,WN,2201,N614SW,79,80,67,-2,-1,ONT,SMF,389,4,8,0,,0,NA,NA,NA,NA,NA
2008,1,20,7,1306,1305,1447,1500,WN,1945,N451WN,161,175,147,-13,1,BWI,MCI,967,5,9,0,,0,NA,NA,NA,NA,NA
2009,1,7,1,1135,1120,1230,1220,WN,1609,N610WN,55,60,46,10,15,DAL,SAT,248,2,7,0,,0,NA,NA,NA,NA,NA
2008,1,16,3,759,805,1019,1035,WN,1607,N353SW,80,90,70,-16,-6,BNA,DTW,457,3,7,0,,0,NA,NA,NA,NA,NA
2008,1,22,2,1454,1450,1723,1725,WN,1657,N633SW,149,155,138,-2,4,MCO,BUF,1011,3,8,0,,0,NA,NA,NA,NA,NA
2009,1,7,1,845,845,1050,1055,WN,3049,N392SW,125,130,112,-5,0,TPA,BWI,842,2,11,0,,0,NA,NA,NA,NA,NA
2008,1,20,7,1945,1945,2254,2300,WN,390,N723SW,189,195,176,-6,0,PVD,TPA,1137,4,9,0,,0,NA,NA,NA,NA,NA
2008,1,22,2,702,650,748,740,WN,1524,N460WN,46,50,35,8,12,DAL,AUS,189,4,7,0,,0,NA,NA,NA,NA,NA
2009,1,7,1,854,855,1134,1145,WN,1167,N414WN,100,110,88,-11,-1,OAK,PHX,646,6,6,0,,0,NA,NA,NA,NA,NA
2008,1,20,7,1946,1945,2222,2235,WN,165,N732SW,96,110,81,-13,1,LAS,DEN,629,6,9,0,,0,NA,NA,NA,NA,NA
2008,1,22,2,811,805,902,900,WN,1452,N460WN,51,55,38,2,6,AUS,DAL,189,3,10,0,,0,NA,NA,NA,NA,NA
2009,1,6,7,728,715,854,845,WN,2360,N693SW,146,150,133,9,13,HOU,DEN,883,5,8,0,,0,NA,NA,NA,NA,NA
2008,1,18,5,748,745,1110,1115,WN,3857,N212WN,142,150,126,-5,3,PHX,MCI,1044,5,11,0,,0,NA,NA,NA,NA,NA
2008,1,21,1,935,630,1050,730,WN,2819,N799SW,135,120,90,200,185,SLC,LAX,590,4,41,0,,0,0,185,15,0,0
2009,1,3,4,1139,1100,1408,1320,WN,161,N455WN,89,80,54,48,39,LAS,SLC,368,6,29,0,,0,39,0,9,0,0
2009,1,7,1,654,655,753,750,WN,3947,N645SW,59,55,47,3,-1,SAT,DAL,248,3,9,0,,0,NA,NA,NA,NA,NA
2008,1,17,4,2110,2110,2211,2215,WN,1463,N797MX,61,65,49,-4,0,CMH,BWI,336,5,7,0,,0,NA,NA,NA,NA,NA
2009,1,10,4,1809,1810,1854,1905,WN,2900,N292WN,45,55,34,-11,-1,MCI,TUL,223,3,8,0,,0,NA,NA,NA,NA,NA
2008,1,22,2,712,710,819,815,WN,2387,N331SW,67,65,54,4,2,TUL,STL,351,5,8,0,,0,NA,NA,NA,NA,NA
2009,1,7,1,NA,1200,NA,1330,WN,3679,,NA,90,NA,NA,NA,SAN,OAK,446,NA,NA,1,C,0,NA,NA,NA,NA,NA
2009,1,4,5,1957,1925,2049,2030,WN,3862,N370SW,172,185,160,19,32,AUS,LAS,1090,4,8,0,,0,2,0,0,0,17
2008,1,15,2,957,955,1057,1100,WN,1647,N261WN,60,65,47,-3,2,LAX,LAS,236,4,9,0,,0,NA,NA,NA,NA,NA
2008,1,16,3,1634,1630,1635,1635,WN,369,N750SA,61,65,50,0,4,PHX,SAN,304,5,6,0,,0,NA,NA,NA,NA,NA
2008,1,20,7,1933,1930,2030,2030,WN,53,N345SA,57,60,47,0,3,DAL,HOU,239,3,7,0,,0,NA,NA,NA,NA,NA
2009,1,10,4,1428,1430,1628,1655,WN,1188,N404WN,240,265,229,-27,-2,MDW,SAN,1728,2,9,0,,0,NA,NA,NA,NA,NA
2009,1,12,6,1653,1655,1824,1830,WN,492,N605SW,91,95,80,-6,-2,PHX,SLC,507,2,9,0,,0,NA,NA,NA,NA,NA
2009,1,9,3,1609,1610,1646,1705,WN,186,N410WN,97,115,90,-19,-1,MCO,JAN,587,3,4,0,,0,NA,NA,NA,NA,NA
2009,1,9,3,1733,1735,2227,2230,WN,719,N276WN,174,175,145,-3,-2,LAS,HOU,1235,3,26,0,,0,NA,NA,NA,NA,NA
2008,1,14,1,1610,1615,1740,1745,WN,1752,N638SW,90,90,78,-5,-5,RNO,PDX,444,3,9,0,,0,NA,NA,NA,NA,NA
2009,1,14,1,614,615,656,705,WN,6,N356SW,42,50,30,-9,-1,CRP,HOU,187,3,9,0,,0,NA,NA,NA,NA,NA
2008,1,16,3,842,845,1040,1055,WN,3404,N304SW,58,70,49,-15,-3,BNA,CMH,338,2,7,0,,0,NA,NA,NA,NA,NA
2009,1,10,4,NA,1115,NA,1150,WN,2874,,NA,95,NA,NA,NA,ABQ,LAS,487,NA,NA,1,C,0,NA,NA,NA,NA,NA
2009,1,5,6,628,630,1013,1030,WN,3848,N550WN,165,180,152,-17,-2,MDW,FLL,1166,5,8,0,,0,NA,NA,NA,NA,NA
2008,1,18,5,1038,1035,1143,1135,WN,1150,N625SW,65,60,53,8,3,DAL,SAT,248,4,8,0,,0,NA,NA,NA,NA,NA
2008,1,21,1,1226,1220,1517,1515,WN,1328,N349SW,111,115,96,2,6,BNA,PHL,675,7,8,0,,0,NA,NA,NA,NA,NA
2009,1,10,4,927,930,1148,1145,WN,2361,N618WN,141,135,125,3,-3,MCO,PIT,834,7,9,0,,0,NA,NA,NA,NA,NA
2009,1,3,4,1143,1050,1641,1600,WN,773,N472WN,178,190,151,41,53,LAS,STL,1372,3,24,0,,0,2,0,0,0,39
2008,1,17,4,2121,2120,2239,2240,WN,3068,N613SW,78,80,63,-1,1,MCI,BNA,491,5,10,0,,0,NA,NA,NA,NA,NA
2009,1,12,6,840,825,939,925,WN,136,N251WN,59,60,44,14,15,LAS,BUR,223,2,13,0,,0,NA,NA,NA,NA,NA
2008,1,16,3,952,955,1144,1200,WN,1328,N339SW,112,125,101,-16,-3,SAT,BNA,822,4,7,0,,0,NA,NA,NA,NA,NA
2008,1,19,6,1349,1335,1854,1850,WN,122,N204WN,185,195,173,4,14,DEN,BWI,1491,4,8,0,,0,NA,NA,NA,NA,NA
2008,1,14,1,651,635,839,755,WN,3249,N457WN,108,80,61,44,16,PVD,BWI,328,2,45,0,,0,16,0,28,0,0
2009,1,11,5,707,710,825,830,WN,2987,N706SW,78,80,60,-5,-3,ONT,OAK,361,6,12,0,,0,NA,NA,NA,NA,NA
2009,1,7,1,714,715,842,850,WN,3834,N287WN,268,275,258,-8,-1,CMH,LAS,1772,3,7,0,,0,NA,NA,NA,NA,NA
2009,1,8,2,914,915,1010,1015,WN,914,N617SW,56,60,48,-5,-1,MAF,DAL,319,2,6,0,,0,NA,NA,NA,NA,NA
2009,1,8,2,1946,1940,2223,2200,WN,1262,N624SW,97,80,69,23,6,BNA,RDU,443,4,24,0,,0,6,0,17,0,0
2009,1,4,5,1850,1835,1911,1855,WN,921,N254WN,81,80,72,16,15,PHX,BUR,369,3,6,0,,0,0,0,1,0,15
2009,1,4,5,2209,2150,2308,2250,WN,3492,N299WN,119,120,109,18,19,PHX,OAK,646,4,6,0,,0,12,0,0,0,6
2008,1,17,4,1117,1035,1358,1315,WN,1623,N344SW,101,100,86,43,42,JAN,MCO,587,7,8,0,,0,1,0,1,0,41
2008,1,18,5,1251,1225,1511,1445,WN,532,N380SW,80,80,68,26,26,BHM,TPA,460,5,7,0,,0,10,0,0,0,16
2008,1,17,4,652,650,802,810,WN,2637,N260WN,130,140,111,-8,2,PHL,BNA,675,4,15,0,,0,NA,NA,NA,NA,NA
2009,1,6,7,923,925,1100,1110,WN,501,N528SW,97,105,86,-10,-2,STL,DAL,546,3,8,0,,0,NA,NA,NA,NA,NA
2009,1,12,6,1939,1940,2057,2040,WN,749,N792SW,138,120,99,17,-1,ABQ,LAX,677,32,7,0,,0,0,0,17,0,0
2008,1,17,4,1447,1450,1822,1835,WN,2038,N321SW,155,165,136,-13,-3,SEA,ABQ,1180,4,15,0,,0,NA,NA,NA,NA,NA
2008,1,18,5,2009,2000,2359,2355,WN,3948,N239WN,170,175,151,4,9,MDW,FLL,1166,2,17,0,,0,NA,NA,NA,NA,NA
2009,1,4,5,1423,1420,1737,1725,WN,2463,N774SW,314,305,297,12,3,BNA,OAK,1959,9,8,0,,0,NA,NA,NA,NA,NA
2009,1,8,2,1900,1810,2002,1920,WN,740,N449WN,62,70,53,42,50,SMF,BUR,358,2,7,0,,0,2,0,0,0,40
2009,1,10,4,1105,1110,1127,1130,WN,876,N427WN,82,80,53,-3,-5,PHX,ONT,325,5,24,0,,0,NA,NA,NA,NA,NA
2008,1,20,7,1010,1015,1239,1255,WN,242,N637SW,89,100,76,-16,-5,MDW,IAD,577,5,8,0,,0,NA,NA,NA,NA,NA
2009,1,12,6,835,835,1054,1105,WN,1585,N295WN,259,270,226,-11,0,MDW,PDX,1751,20,13,0,,0,NA,NA,NA,NA,NA
2009,1,6,7,2123,2100,2239,2215,WN,50,N520SW,76,75,61,24,23,ELP,PHX,347,5,10,0,,0,0,0,1,0,23
2009,1,9,3,1159,1200,1238,1235,WN,1655,N441WN,99,95,74,3,-1,TUS,LAX,451,18,7,0,,0,NA,NA,NA,NA,NA
2009,1,8,2,1943,1900,2032,1955,WN,52,N682SW,49,55,38,37,43,HOU,DAL,239,2,9,0,,0,0,0,0,0,37
2008,1,17,4,1614,1615,1744,1745,WN,1752,N902WN,90,90,80,-1,-1,RNO,PDX,444,4,6,0,,0,NA,NA,NA,NA,NA
2008,1,18,5,643,640,725,700,WN,1372,N671SW,102,80,59,25,3,CLE,MDW,307,5,38,0,,0,0,0,25,0,0
2008,1,14,1,1215,1215,1556,1605,WN,844,N712SW,161,170,135,-9,0,SEA,PHX,1107,5,21,0,,0,NA,NA,NA,NA,NA
2009,1,3,4,2037,1950,2145,2055,WN,486,N264LV,68,65,48,50,47,SNA,LAS,226,6,14,0,,0,0,0,3,0,47
2008,1,17,4,1951,1950,2102,2040,WN,1251,N634SW,71,50,53,22,1,ORF,BWI,159,6,12,0,,0,0,0,22,0,0
2009,1,4,5,1835,1700,2020,1835,WN,2005,N611SW,105,95,83,105,95,LAS,SFO,414,7,15,0,,0,43,0,10,0,52
2009,1,4,5,1141,1145,1409,1425,WN,3067,N202WN,88,100,75,-16,-4,MSY,MCO,550,5,8,0,,0,NA,NA,NA,NA,NA
2008,1,20,7,725,725,756,805,WN,96,N782SA,91,100,78,-9,0,AUS,ELP,528,3,10,0,,0,NA,NA,NA,NA,NA
2008,1,19,6,1019,945,1400,1315,WN,2131,N640SW,161,150,150,45,34,MDW,TPA,997,3,8,0,,0,3,0,11,0,31
2008,1,16,3,814,815,1037,1040,WN,2990,N260WN,143,145,126,-3,-1,LAS,PDX,762,4,13,0,,0,NA,NA,NA,NA,NA
2009,1,4,5,1953,1955,1956,2000,WN,1172,N663SW,63,65,52,-4,-2,PHX,SAN,304,4,7,0,,0,NA,NA,NA,NA,NA
2008,1,16,3,1504,1505,1739,1735,WN,1349,N397SW,95,90,76,4,-1,DEN,MCI,533,7,12,0,,0,NA,NA,NA,NA,NA
2009,1,4,5,1305,1305,1358,1410,WN,2361,N649SW,53,65,44,-12,0,MDW,STL,251,2,7,0,,0,NA,NA,NA,NA,NA
2008,1,14,1,1813,1815,1935,1935,WN,2011,N307SW,82,80,72,0,-2,OKC,HOU,419,3,7,0,,0,NA,NA,NA,NA,NA
2008,1,18,5,832,835,923,930,WN,2821,N328SW,51,55,37,-7,-3,AUS,DAL,189,4,10,0,,0,NA,NA,NA,NA,NA
2008,1,17,4,725,725,752,805,WN,320,N231WN,87,100,73,-13,0,DTW,BNA,457,5,9,0,,0,NA,NA,NA,NA,NA
2009,1,9,3,1721,1725,1841,1855,WN,2449,N485WN,140,150,128,-14,-4,BDL,MDW,777,5,7,0,,0,NA,NA,NA,NA,NA
2008,1,21,1,951,950,1201,1205,WN,272,N228WN,250,255,238,-4,1,HOU,OAK,1642,5,7,0,,0,NA,NA,NA,NA,NA
2009,1,9,3,1045,1045,1333,1330,WN,963,N622SW,108,105,99,3,0,LAX,SLC,590,3,6,0,,0,NA,NA,NA,NA,NA
2008,1,18,5,1934,1920,2056,2045,WN,2633,N694SW,82,85,71,11,14,MDW,MCI,405,4,7,0,,0,NA,NA,NA,NA,NA
2009,1,11,5,748,750,756,805,WN,238,N631SW,68,75,54,-9,-2,PHX,ONT,325,4,10,0,,0,NA,NA,NA,NA,NA
2008,1,20,7,1028,1025,1235,1245,WN,1423,N227WN,127,140,109,-10,3,TPA,PIT,873,7,11,0,,0,NA,NA,NA,NA,NA
2009,1,12,6,1329,1330,1440,1450,WN,772,N619SW,71,80,59,-10,-1,MCI,MDW,405,5,7,0,,0,NA,NA,NA,NA,NA
2008,1,14,1,922,920,1108,1105,WN,2293,N345SA,166,165,150,3,2,TPA,AUS,928,5,11,0,,0,NA,NA,NA,NA,NA
2009,1,11,5,1409,1355,1619,1605,WN,1947,N774SW,130,130,112,14,14,TPA,BWI,842,5,13,0,,0,NA,NA,NA,NA,NA
2008,1,19,6,1143,1145,1355,1420,WN,1345,N416WN,252,275,231,-25,-2,MDW,LAX,1750,8,13,0,,0,NA,NA,NA,NA,NA
2009,1,6,7,1005,1010,1103,1105,WN,146,N504SW,58,55,46,-2,-5,SAT,DAL,248,5,7,0,,0,NA,NA,NA,NA,NA
2008,1,17,4,1220,1220,1436,1435,WN,1123,N717SA,76,75,60,1,0,MDW,PIT,402,6,10,0,,0,NA,NA,NA,NA,NA
2009,1,11,5,2016,1950,2153,2135,WN,49,N321SW,97,105,82,18,26,HOU,BNA,670,4,11,0,,0,0,0,0,0,18
2009,1,9,3,1122,1125,1328,1340,WN,748,N755SA,126,135,113,-12,-3,CMH,TPA,829,5,8,0,,0,NA,NA,NA,NA,NA
2008,1,14,1,747,745,1353,1350,WN,539,N288WN,246,245,231,3,2,SJC,MDW,1838,6,9,0,,0,NA,NA,NA,NA,NA
2009,1,4,5,1001,940,1126,1135,WN,2101,N272WN,145,175,135,-9,21,BWI,MSY,998,2,8,0,,0,NA,NA,NA,NA,NA
2009,1,3,4,1827,1800,1945,1915,WN,829,N476WN,78,75,63,30,27,LAX,OAK,337,4,11,0,,0,0,0,3,0,27
2008,1,16,3,1012,1015,1033,1030,WN,2540,N523SW,81,75,62,3,-3,PHX,SAN,304,2,17,0,,0,NA,NA,NA,NA,NA
2008,1,14,1,1019,1025,1143,1150,WN,1080,N766SW,84,85,68,-7,-6,OAK,LAS,407,8,8,0,,0,NA,NA,NA,NA,NA
2008,1,20,7,1817,1820,1918,1925,WN,1381,N444WN,61,65,50,-7,-3,BUR,SJC,296,3,8,0,,0,NA,NA,NA,NA,NA
2009,1,3,4,1807,1735,2032,2035,WN,1410,N614SW,205,240,186,-3,32,PHL,HOU,1335,3,16,0,,0,NA,NA,NA,NA,NA
2008,1,17,4,1026,1035,1331,1340,WN,1936,N297WN,185,185,172,-9,-9,PVD,MCO,1073,5,8,0,,0,NA,NA,NA,NA,NA
2008,1,20,7,1602,1605,1818,1835,WN,3134,N378SW,136,150,116,-17,-3,FLL,BWI,925,5,15,0,,0,NA,NA,NA,NA,NA
2009,1,6,7,2025,2010,2054,2055,WN,2019,N333SW,89,105,74,-1,15,TPA,MSY,487,2,13,0,,0,NA,NA,NA,NA,NA
2009,1,13,7,1051,1050,1204,1205,WN,369,N713SW,73,75,62,-1,1,ALB,BWI,288,4,7,0,,0,NA,NA,NA,NA,NA
2009,1,11,5,1934,1920,2057,2045,WN,3498,N256WN,83,85,69,12,14,SNA,SMF,404,6,8,0,,0,NA,NA,NA,NA,NA
2009,1,6,7,730,730,846,855,WN,2982,N711HK,76,85,62,-9,0,OAK,SAN,446,3,11,0,,0,NA,NA,NA,NA,NA
2008,1,16,3,1849,1850,2112,2110,WN,3343,N550WN,143,140,124,2,-1,BWI,MCO,787,5,14,0,,0,NA,NA,NA,NA,NA
2008,1,21,1,1516,1520,1636,1645,WN,1769,N268WN,80,85,67,-9,-4,DTW,BWI,408,4,9,0,,0,NA,NA,NA,NA,NA
2008,1,22,2,854,855,1016,1020,WN,1531,N639SW,82,85,69,-4,-1,BNA,MDW,395,6,7,0,,0,NA,NA,NA,NA,NA
2008,1,22,2,NA,1715,NA,1930,WN,1747,,NA,75,NA,NA,NA,LAS,PHX,256,NA,NA,1,A,0,NA,NA,NA,NA,NA
2008,1,21,1,1200,1155,1317,1310,WN,2646,N710SW,77,75,62,7,5,SNA,SJC,342,8,7,0,,0,NA,NA,NA,NA,NA
2008,1,21,1,1533,1535,1618,1630,WN,2090,N314SW,105,115,90,-12,-2,MCO,JAN,587,3,12,0,,0,NA,NA,NA,NA,NA
2009,1,6,7,1806,1740,1856,1830,WN,52,N505SW,50,50,40,26,26,CRP,HOU,187,3,7,0,,0,8,0,0,0,18
2009,1,9,3,NA,1430,NA,1630,WN,3844,,NA,240,NA,NA,NA,MDW,LAS,1521,NA,NA,1,A,0,NA,NA,NA,NA,NA
2009,1,9,3,1038,1040,1331,1340,WN,32,N608SW,233,240,190,-9,-2,PHL,HOU,1335,19,24,0,,0,NA,NA,NA,NA,NA
2009,1,14,1,1437,1440,1510,1525,WN,2712,N283WN,93,105,82,-15,-3,MCI,DEN,533,5,6,0,,0,NA,NA,NA,NA,NA
2009,1,6,7,850,850,1009,1015,WN,265,N245WN,79,85,67,-6,0,SMF,SNA,404,5,7,0,,0,NA,NA,NA,NA,NA
2008,1,22,2,1814,1810,2055,2100,WN,1489,N783SW,101,110,88,-5,4,SJC,PHX,621,4,9,0,,0,NA,NA,NA,NA,NA
2009,1,6,7,1821,1815,1956,1950,WN,548,N650SW,95,95,55,6,6,PIT,PHL,267,8,32,0,,0,NA,NA,NA,NA,NA
2008,1,18,5,934,930,1046,1040,WN,2093,N457WN,72,70,57,6,4,JAX,FLL,318,4,11,0,,0,NA,NA,NA,NA,NA
2009,1,10,4,1453,1455,1550,1555,WN,239,N659SW,57,60,43,-5,-2,ONT,LAS,197,3,11,0,,0,NA,NA,NA,NA,NA
2008,1,20,7,957,1000,1124,1135,WN,1551,N520SW,147,155,133,-11,-3,AUS,PHX,872,6,8,0,,0,NA,NA,NA,NA,NA
2009,1,8,2,1029,1030,1211,1225,WN,63,N237WN,102,115,91,-14,-1,BHM,HOU,570,4,7,0,,0,NA,NA,NA,NA,NA
2008,1,22,2,840,810,954,925,WN,34,N659SW,74,75,62,29,30,ALB,BWI,288,4,8,0,,0,0,0,0,0,29
2008,1,15,2,1358,1340,1404,1355,WN,1131,N368SW,66,75,56,9,18,BOI,PDX,344,3,7,0,,0,NA,NA,NA,NA,NA
2008,1,23,3,929,930,1439,1450,WN,2277,N763SW,190,200,176,-11,-1,ABQ,MCO,1552,6,8,0,,0,NA,NA,NA,NA,NA
2009,1,3,4,2037,2010,2347,2325,WN,125,N782SA,130,135,114,22,27,STL,MCO,880,6,10,0,,0,3,0,0,0,19
2009,1,6,7,630,620,752,745,WN,629,N612SW,82,85,69,7,10,MDW,MCI,405,4,9,0,,0,NA,NA,NA,NA,NA
2009,1,4,5,1206,1205,1439,1510,WN,462,N733SA,153,185,137,-31,1,PHL,FLL,992,4,12,0,,0,NA,NA,NA,NA,NA
2009,1,8,2,1523,1525,1626,1630,WN,1865,N707SA,63,65,45,-4,-2,SNA,LAS,226,5,13,0,,0,NA,NA,NA,NA,NA
2008,1,20,7,1000,1000,1057,1055,WN,16,N265WN,57,55,43,2,0,HOU,DAL,239,6,8,0,,0,NA,NA,NA,NA,NA
2008,1,14,1,1338,1340,1340,1345,WN,3247,N688SW,62,65,51,-5,-2,PHX,ONT,325,3,8,0,,0,NA,NA,NA,NA,NA
2009,1,12,6,844,845,1000,1005,WN,1844,N645SW,76,80,65,-5,-1,LAX,RNO,390,4,7,0,,0,NA,NA,NA,NA,NA
2009,1,14,1,1018,1015,1123,1130,WN,542,N438WN,65,75,50,-7,3,BWI,CLE,314,4,11,0,,0,NA,NA,NA,NA,NA
2009,1,11,5,1901,1900,1859,1900,WN,875,N487WN,58,60,47,-1,1,PHX,LAS,256,3,8,0,,0,NA,NA,NA,NA,NA
2009,1,7,1,1341,1340,1522,1515,WN,137,N692SW,101,95,77,7,1,SAN,SMF,480,5,19,0,,0,NA,NA,NA,NA,NA
2008,1,19,6,1213,1210,1333,1330,WN,3073,N309SW,80,80,61,3,3,SMF,LAX,373,9,10,0,,0,NA,NA,NA,NA,NA
2009,1,3,4,1222,1215,1352,1355,WN,2011,N292WN,90,100,74,-3,7,OAK,PDX,543,3,13,0,,0,NA,NA,NA,NA,NA
2009,1,8,2,2113,2105,2151,2150,WN,907,N329SW,38,45,27,1,8,MCO,RSW,133,5,6,0,,0,NA,NA,NA,NA,NA
2009,1,7,1,1624,1550,1626,1555,WN,508,N477WN,62,65,51,31,34,PHX,ONT,325,5,6,0,,0,0,0,0,0,31
2009,1,3,4,1528,1445,1727,1655,WN,1424,N385SW,59,70,49,32,43,ONT,PHX,325,3,7,0,,0,1,0,0,0,31
2008,1,18,5,645,650,745,735,WN,2904,N904WN,60,45,31,10,-5,SAT,HOU,192,17,12,0,,0,NA,NA,NA,NA,NA
2009,1,10,4,NA,850,NA,1135,WN,466,,NA,105,NA,NA,NA,MDW,BWI,611,NA,NA,1,A,0,NA,NA,NA,NA,NA
2009,1,4,5,1806,1755,1929,1925,WN,3920,N786SW,83,90,73,4,11,IND,BWI,515,3,7,0,,0,NA,NA,NA,NA,NA
2009,1,10,4,830,835,1330,1350,WN,557,N477WN,180,195,168,-20,-5,DEN,BWI,1491,4,8,0,,0,NA,NA,NA,NA,NA
2008,1,14,1,1622,1625,1728,1730,WN,1344,N719SW,66,65,56,-2,-3,TUL,STL,351,4,6,0,,0,NA,NA,NA,NA,NA
2008,1,21,1,2059,2030,2220,2150,WN,107,N269WN,81,80,56,30,29,OAK,SNA,371,5,20,0,,0,1,0,1,0,28
2009,1,9,3,1930,1935,2039,2055,WN,3915,N521SW,69,80,53,-16,-5,MCI,MDW,405,6,10,0,,0,NA,NA,NA,NA,NA
2009,1,8,2,1720,1720,1726,1730,WN,2707,N263WN,66,70,57,-4,0,PHX,SNA,338,4,5,0,,0,NA,NA,NA,NA,NA
2009,1,8,2,2128,2130,2301,2305,WN,1747,N301SW,93,95,79,-4,-2,SLC,PHX,507,6,8,0,,0,NA,NA,NA,NA,NA
2009,1,4,5,559,600,807,815,WN,277,N358SW,68,75,53,-8,-1,LAX,PHX,370,3,12,0,,0,NA,NA,NA,NA,NA
2009,1,9,3,2021,1920,2121,2035,WN,41,N283WN,60,75,45,46,61,MSY,BHM,321,2,13,0,,0,0,0,0,0,46
2008,1,21,1,1457,1355,1610,1510,WN,1230,N505SW,73,75,53,60,62,RNO,LAS,345,8,12,0,,0,0,0,0,0,60
2008,1,20,7,705,710,809,820,WN,2205,N245WN,64,70,38,-11,-5,PIT,BWI,210,3,23,0,,0,NA,NA,NA,NA,NA
2008,1,18,5,634,635,735,745,WN,807,N483WN,61,70,49,-10,-1,OAK,BUR,325,3,9,0,,0,NA,NA,NA,NA,NA
2009,1,10,4,1347,1310,1505,1430,WN,73,N645SW,78,80,56,35,37,SMF,LAX,373,13,9,0,,0,6,0,0,0,29
2008,1,16,3,1744,1750,2051,2115,WN,2453,N509SW,127,145,117,-24,-6,PHX,HOU,1020,5,5,0,,0,NA,NA,NA,NA,NA
2008,1,14,1,1803,1645,1914,1800,WN,90,N528SW,71,75,45,74,78,PHL,PIT,267,7,19,0,,0,0,0,0,0,74
2009,1,10,4,901,900,1035,1030,WN,350,N659SW,94,90,76,5,1,SMF,PDX,479,10,8,0,,0,NA,NA,NA,NA,NA
2009,1,7,1,1713,1645,1828,1755,WN,1660,N640SW,135,130,118,33,28,SLC,SEA,689,3,14,0,,0,0,0,5,0,28
2008,1,20,7,1309,1310,1435,1445,WN,245,N234WN,86,95,74,-10,-1,SAN,SMF,480,4,8,0,,0,NA,NA,NA,NA,NA
2008,1,14,1,1330,1330,1328,1335,WN,2637,N415WN,58,65,47,-7,0,PHX,SAN,304,2,9,0,,0,NA,NA,NA,NA,NA
2009,1,12,6,1806,1810,1932,1940,WN,2971,N646SW,86,90,71,-8,-4,SAN,OAK,446,5,10,0,,0,NA,NA,NA,NA,NA
2009,1,6,7,1709,1345,1915,1605,WN,2614,N430WN,66,80,52,190,204,BUR,PHX,369,5,9,0,,0,119,0,0,0,71
2009,1,11,5,655,655,920,930,WN,87,N360SW,85,95,74,-10,0,ABQ,DAL,580,4,7,0,,0,NA,NA,NA,NA,NA
2009,1,4,5,1435,1425,1604,1600,WN,1022,N449WN,89,95,75,4,10,PHX,SLC,507,4,10,0,,0,NA,NA,NA,NA,NA
2008,1,15,2,1627,1630,1625,1635,WN,1660,N228WN,58,65,46,-10,-3,PHX,LAS,256,5,7,0,,0,NA,NA,NA,NA,NA
2008,1,17,4,1304,1225,1528,1445,WN,2374,N348SW,84,80,67,43,39,RNO,SLC,422,7,10,0,,0,3,0,4,0,36
2009,1,5,6,2129,2010,2351,2250,WN,3486,N310SW,142,160,131,61,79,BWI,FLL,925,3,8,0,,0,11,0,0,0,50
2009,1,12,6,1155,1200,1250,1310,WN,1928,N458WN,55,70,40,-20,-5,LAS,LAX,236,4,11,0,,0,NA,NA,NA,NA,NA
2008,1,19,6,1032,1030,1224,1230,WN,3855,N791SW,172,180,147,-6,2,BNA,DEN,1013,5,20,0,,0,NA,NA,NA,NA,NA
2008,1,17,4,1638,1610,1737,1710,WN,28,N680AA,59,60,41,27,28,STL,MDW,251,12,6,0,,0,22,0,0,0,5
2009,1,10,4,1934,1900,2047,2025,WN,263,N435WN,73,85,61,22,34,SMF,SNA,404,5,7,0,,0,19,0,0,0,3
2008,1,14,1,1803,1805,1942,1935,WN,2537,N428WN,99,90,81,7,-2,SAN,SMF,480,6,12,0,,0,NA,NA,NA,NA,NA
2009,1,8,2,NA,1645,NA,1800,WN,294,,NA,75,NA,NA,NA,ABQ,DEN,349,NA,NA,1,A,0,NA,NA,NA,NA,NA
2008,1,18,5,934,830,1128,1035,WN,963,N491WN,234,245,216,53,64,SDF,PHX,1506,7,11,0,,0,0,0,0,0,53
2009,1,5,6,929,930,1133,1135,WN,458,N351SW,124,125,109,-2,-1,MCO,BWI,787,2,13,0,,0,NA,NA,NA,NA,NA
2009,1,5,6,2011,1640,334,25,WN,1018,N429WN,263,285,250,189,211,LAS,BDL,2298,4,9,0,,0,4,0,0,0,185
2009,1,6,7,1029,1020,1139,1130,WN,1655,N647SW,70,70,60,9,9,ABQ,TUS,321,3,7,0,,0,NA,NA,NA,NA,NA
2008,1,20,7,1638,1640,1919,1930,WN,2190,N522SW,101,110,87,-11,-2,SMF,PHX,647,7,7,0,,0,NA,NA,NA,NA,NA
2008,1,22,2,2105,2105,2224,2225,WN,3574,N395SW,79,80,67,-1,0,SAN,SJC,417,4,8,0,,0,NA,NA,NA,NA,NA
2008,1,17,4,1957,1955,2042,2050,WN,3758,N652SW,105,115,90,-8,2,MCO,MSY,550,4,11,0,,0,NA,NA,NA,NA,NA
2008,1,19,6,1900,1900,2121,2130,WN,158,N287WN,141,150,130,-9,0,IAD,TPA,810,3,8,0,,0,NA,NA,NA,NA,NA
2008,1,21,1,1051,1055,1205,1150,WN,1487,N674AA,74,55,53,15,-4,SAT,DAL,248,3,18,0,,0,0,0,15,0,0
2009,1,12,6,1427,1430,1510,1520,WN,630,N247WN,43,50,31,-10,-3,RSW,MCO,133,5,7,0,,0,NA,NA,NA,NA,NA
2008,1,17,4,700,700,824,825,WN,1673,N315SW,84,85,69,-1,0,MDW,OMA,423,2,13,0,,0,NA,NA,NA,NA,NA
2009,1,8,2,1940,1945,2112,2130,WN,479,N320SW,92,105,81,-18,-5,STL,DAL,546,4,7,0,,0,NA,NA,NA,NA,NA
2008,1,15,2,1853,1900,2127,2150,WN,3662,N237WN,214,230,199,-23,-7,BNA,PHX,1448,7,8,0,,0,NA,NA,NA,NA,NA
2009,1,14,1,1847,1850,2104,2110,WN,3343,N550WN,137,140,122,-6,-3,BWI,MCO,787,6,9,0,,0,NA,NA,NA,NA,NA
2009,1,5,6,2004,1905,29,2350,WN,1004,N359SW,145,165,133,39,59,LAS,MCI,1140,4,8,0,,0,8,0,0,0,31
2009,1,10,4,1650,1650,1923,1920,WN,523,N615SW,153,150,133,3,0,FLL,BWI,925,5,15,0,,0,NA,NA,NA,NA,NA
2009,1,3,4,801,720,1039,1030,WN,499,N621SW,158,190,143,9,41,PVD,MCO,1073,7,8,0,,0,NA,NA,NA,NA,NA
2008,1,18,5,2208,2135,2254,2235,WN,2627,N327SW,106,120,93,19,33,PHX,SMF,647,6,7,0,,0,7,0,0,0,12
2009,1,12,6,857,900,1017,1040,WN,663,N609SW,140,160,130,-23,-3,MCO,STL,880,3,7,0,,0,NA,NA,NA,NA,NA
2008,1,22,2,1002,935,1130,1105,WN,1116,N245WN,88,90,75,25,27,SAN,OAK,446,4,9,0,,0,0,0,0,0,25
2008,1,14,1,2058,2100,2343,2350,WN,376,N664WN,105,110,90,-7,-2,OAK,PHX,646,6,9,0,,0,NA,NA,NA,NA,NA
2008,1,17,4,1509,1450,1622,1610,WN,1674,N263WN,73,80,61,12,19,OAK,SNA,371,4,8,0,,0,NA,NA,NA,NA,NA
2009,1,11,5,1526,1520,1640,1635,WN,2192,N634SW,74,75,57,5,6,SMF,LAS,397,7,10,0,,0,NA,NA,NA,NA,NA
2009,1,8,2,1439,1430,1452,1450,WN,783,N326SW,73,80,61,2,9,SLC,LAS,368,4,8,0,,0,NA,NA,NA,NA,NA
2008,1,19,6,1711,1705,2029,1955,WN,3747,N662SW,198,170,187,34,6,BWI,RSW,919,3,8,0,,0,0,0,31,0,3
2009,1,3,4,922,915,NA,1050,WN,1069,N630WN,NA,95,NA,NA,7,SAN,SMF,480,NA,12,0,,1,NA,NA,NA,NA,NA
2009,1,6,7,1240,1220,1332,1320,WN,19,N308SA,52,60,43,12,20,HOU,HRL,276,2,7,0,,0,NA,NA,NA,NA,NA
2008,1,14,1,1929,1930,2036,2050,WN,710,N797MX,67,80,51,-14,-1,OAK,LAX,337,5,11,0,,0,NA,NA,NA,NA,NA
2008,1,21,1,607,605,735,730,WN,713,N287WN,88,85,62,5,2,LAX,SMF,373,17,9,0,,0,NA,NA,NA,NA,NA
2009,1,8,2,650,635,914,850,WN,2452,N214WN,84,75,65,24,15,LAX,PHX,370,4,15,0,,0,15,0,9,0,0
2008,1,23,3,1225,1215,1424,1425,WN,100,N439WN,299,310,286,-1,10,BUF,LAS,1987,4,9,0,,0,NA,NA,NA,NA,NA
2008,1,21,1,1417,1415,1705,1700,WN,1366,N503SW,168,165,156,5,2,MDW,HOU,937,3,9,0,,0,NA,NA,NA,NA,NA
2009,1,10,4,1130,1130,1136,1135,WN,10,N224WN,66,65,56,1,0,MAF,ABQ,332,4,6,0,,0,NA,NA,NA,NA,NA
2008,1,20,7,1136,1125,1228,1215,WN,3481,N771SA,52,50,33,13,11,MCO,RSW,133,4,15,0,,0,NA,NA,NA,NA,NA
2008,1,20,7,2028,2000,2124,2100,WN,890,N255WN,56,60,46,24,28,RNO,SJC,188,3,7,0,,0,0,0,0,0,24
2009,1,11,5,827,825,945,945,WN,238,N631SW,78,80,62,0,2,ONT,OAK,361,4,12,0,,0,NA,NA,NA,NA,NA
2009,1,4,5,2118,2105,2356,2350,WN,3585,N756SA,98,105,85,6,13,SMF,PHX,647,5,8,0,,0,NA,NA,NA,NA,NA
2009,1,10,4,1930,1935,2348,5,WN,802,N226WN,138,150,120,-17,-5,LAS,SAT,1069,5,13,0,,0,NA,NA,NA,NA,NA
2009,1,9,3,2114,2115,2314,2320,WN,2458,N752SW,60,65,52,-6,-1,ONT,PHX,325,4,4,0,,0,NA,NA,NA,NA,NA
2008,1,20,7,1601,1555,1739,1800,WN,3407,N676SW,158,185,147,-21,6,DEN,SEA,1024,5,6,0,,0,NA,NA,NA,NA,NA
2008,1,16,3,617,620,710,715,WN,1323,N676SW,53,55,40,-5,-3,MCI,STL,237,3,10,0,,0,NA,NA,NA,NA,NA
2008,1,16,3,1202,1205,1434,1450,WN,816,N326SW,92,105,74,-16,-3,MDW,IAD,577,7,11,0,,0,NA,NA,NA,NA,NA
2008,1,14,1,1104,1105,1740,1745,WN,1050,N209WN,276,280,261,-5,-1,PHX,MHT,2279,4,11,0,,0,NA,NA,NA,NA,NA
2009,1,14,1,751,750,831,850,WN,2182,N409WN,100,120,89,-19,1,ABQ,LAX,677,5,6,0,,0,NA,NA,NA,NA,NA
2009,1,8,2,1002,1005,1058,1105,WN,521,N255WN,56,60,44,-7,-3,HOU,MSY,303,4,8,0,,0,NA,NA,NA,NA,NA
2009,1,6,7,1418,1355,1510,1445,WN,303,N641SW,52,50,38,25,23,AUS,DAL,189,4,10,0,,0,3,0,2,0,20
2009,1,5,6,1301,1300,1506,1525,WN,599,N241WN,245,265,233,-19,1,CMH,PHX,1671,5,7,0,,0,NA,NA,NA,NA,NA
2009,1,4,5,712,715,934,925,WN,1022,N449WN,142,130,122,9,-3,GEG,OAK,723,10,10,0,,0,NA,NA,NA,NA,NA
2009,1,4,5,1438,1330,2015,1925,WN,567,N742SW,217,235,203,50,68,SMF,MDW,1790,5,9,0,,0,0,31,0,0,19
2009,1,7,1,713,715,926,925,WN,1022,N439WN,133,130,100,1,-2,GEG,OAK,723,6,27,0,,0,NA,NA,NA,NA,NA
2008,1,17,4,923,925,1139,1145,WN,3927,N218WN,76,80,64,-6,-2,MDW,BUF,468,2,10,0,,0,NA,NA,NA,NA,NA
2008,1,15,2,939,940,1033,1040,WN,1689,N758SW,54,60,40,-7,-1,GEG,SEA,224,5,9,0,,0,NA,NA,NA,NA,NA
2009,1,9,3,844,845,933,940,WN,308,N519SW,49,55,38,-7,-1,TUL,MCI,223,3,8,0,,0,NA,NA,NA,NA,NA
2008,1,15,2,650,650,834,825,WN,1376,N312SW,104,95,82,9,0,MHT,BWI,377,3,19,0,,0,NA,NA,NA,NA,NA
2009,1,3,4,1429,1420,1531,1535,WN,187,N690SW,182,195,168,-4,9,MCI,LAS,1140,4,10,0,,0,NA,NA,NA,NA,NA
2008,1,16,3,1652,1700,1820,1830,WN,1435,N606SW,148,150,132,-10,-8,SAT,PHX,843,6,10,0,,0,NA,NA,NA,NA,NA
2008,1,17,4,616,615,838,850,WN,3603,N366SW,202,215,186,-12,1,STL,PHX,1262,5,11,0,,0,NA,NA,NA,NA,NA
2008,1,17,4,1155,1155,1314,1320,WN,1377,N662SW,139,145,127,-6,0,OKC,PHX,833,4,8,0,,0,NA,NA,NA,NA,NA
2008,1,20,7,1337,1340,1435,1440,WN,717,N464WN,58,60,42,-5,-3,GEG,SEA,224,5,11,0,,0,NA,NA,NA,NA,NA
2008,1,16,3,1739,1740,1900,1900,WN,3579,N468WN,81,80,66,0,-1,ONT,SMF,389,6,9,0,,0,NA,NA,NA,NA,NA
2008,1,20,7,1530,1530,1653,1655,WN,1276,N261WN,83,85,69,-2,0,LAS,SJC,386,3,11,0,,0,NA,NA,NA,NA,NA
2009,1,13,7,803,805,925,930,WN,1670,N607SW,82,85,68,-5,-2,LIT,HOU,393,3,11,0,,0,NA,NA,NA,NA,NA
2009,1,10,4,1558,1605,1710,1725,WN,3162,N795SW,132,140,124,-15,-7,ALB,MDW,717,3,5,0,,0,NA,NA,NA,NA,NA
2008,1,17,4,2156,2130,2250,2225,WN,1948,N462WN,114,115,79,25,26,SLC,LAX,590,5,30,0,,0,0,0,12,0,13
2009,1,9,3,1811,1755,1938,1935,WN,1511,N391SW,87,100,76,3,16,SAN,RNO,488,2,9,0,,0,NA,NA,NA,NA,NA
2009,1,10,4,1115,1115,1409,1425,WN,2442,N238WN,294,310,278,-16,0,BWI,PHX,1999,5,11,0,,0,NA,NA,NA,NA,NA
2008,1,22,2,731,725,947,925,WN,1372,N403WN,76,60,42,22,6,MDW,DTW,229,6,28,0,,0,0,0,16,0,6
2008,1,21,1,900,905,1131,1130,WN,1317,N520SW,91,85,71,1,-5,STL,DTW,440,6,14,0,,0,NA,NA,NA,NA,NA
2009,1,3,4,2229,2100,2343,2215,WN,48,N661SW,74,75,60,88,89,MCI,MDW,405,5,9,0,,0,1,0,0,0,87
2009,1,10,4,748,740,834,830,WN,2113,N306SW,46,50,34,4,8,OAK,RNO,180,4,8,0,,0,NA,NA,NA,NA,NA
2009,1,6,7,814,815,942,945,WN,783,N361SW,88,90,72,-3,-1,SAN,OAK,446,7,9,0,,0,NA,NA,NA,NA,NA
2009,1,11,5,1218,1215,1318,1310,WN,337,N788SA,60,55,40,8,3,SEA,GEG,224,4,16,0,,0,NA,NA,NA,NA,NA
2009,1,3,4,1613,1535,1735,1655,WN,3072,N727SW,82,80,68,40,38,SMF,SNA,404,4,10,0,,0,0,0,2,0,38
2009,1,8,2,1417,1415,1526,1530,WN,806,N711HK,69,75,51,-4,2,DEN,ABQ,349,9,9,0,,0,NA,NA,NA,NA,NA
2009,1,8,2,723,725,822,835,WN,1948,N498WN,59,70,46,-13,-2,SJC,LAX,308,5,8,0,,0,NA,NA,NA,NA,NA
2008,1,22,2,1058,1050,1202,1210,WN,1854,N327SW,64,80,49,-8,8,PHL,MHT,290,3,12,0,,0,NA,NA,NA,NA,NA
2009,1,6,7,1315,1310,1430,1440,WN,689,N200WN,135,150,119,-10,5,HOU,DEN,883,6,10,0,,0,NA,NA,NA,NA,NA
2009,1,9,3,1128,1115,1235,1225,WN,111,N669SW,67,70,52,10,13,OAK,ONT,361,3,12,0,,0,NA,NA,NA,NA,NA
2009,1,14,1,1829,1830,2148,2145,WN,2610,N475WN,139,135,118,3,-1,DEN,MDW,895,10,11,0,,0,NA,NA,NA,NA,NA
2008,1,22,2,1948,1945,2241,2230,WN,1505,N364SW,173,165,157,11,3,MDW,AUS,972,5,11,0,,0,NA,NA,NA,NA,NA
2009,1,9,3,1517,1330,1619,1440,WN,1743,N388SW,62,70,54,99,107,BDL,BWI,283,3,5,0,,0,99,0,0,0,0
2009,1,6,7,1838,1840,2132,2130,WN,3492,N740SW,234,230,221,2,-2,BNA,PHX,1448,5,8,0,,0,NA,NA,NA,NA,NA
2009,1,11,5,1809,1810,1937,1940,WN,2971,N261WN,88,90,70,-3,-1,SAN,OAK,446,7,11,0,,0,NA,NA,NA,NA,NA
2008,1,16,3,902,900,1031,1010,WN,1525,N214WN,89,70,60,21,2,RNO,LAS,345,9,20,0,,0,0,0,21,0,0
2008,1,19,6,1449,1450,1731,1735,WN,3045,N453WN,102,105,88,-4,-1,SMF,PHX,647,4,10,0,,0,NA,NA,NA,NA,NA
2009,1,11,5,1302,1300,1355,1400,WN,1112,N261WN,173,180,164,-5,2,SAT,SAN,1129,2,7,0,,0,NA,NA,NA,NA,NA
2008,1,21,1,1725,1625,1917,1825,WN,1081,N780SW,232,240,220,52,60,TPA,ABQ,1497,3,9,0,,0,13,0,0,0,39
2009,1,13,7,1317,1240,1609,1520,WN,1109,N333SW,112,100,94,49,37,OAK,SLC,588,2,16,0,,0,0,0,12,0,37
2008,1,21,1,1326,1325,1447,1445,WN,1863,N904WN,81,80,66,2,1,MCI,MDW,405,5,10,0,,0,NA,NA,NA,NA,NA
2009,1,12,6,1230,1235,1347,1400,WN,1066,N232WN,77,85,67,-13,-5,MDW,OMA,423,2,8,0,,0,NA,NA,NA,NA,NA
2008,1,20,7,1435,1430,1647,1650,WN,406,N314SW,72,80,61,-3,5,BNA,RDU,443,3,8,0,,0,NA,NA,NA,NA,NA
2008,1,16,3,1634,1635,1752,1755,WN,536,N291WN,78,80,65,-3,-1,OAK,SNA,371,3,10,0,,0,NA,NA,NA,NA,NA
2008,1,18,5,1042,1040,1156,1210,WN,875,N351SW,134,150,123,-14,2,TPA,STL,869,4,7,0,,0,NA,NA,NA,NA,NA
2008,1,16,3,1934,1935,2211,2235,WN,297,N306SW,157,180,142,-24,-1,PHL,FLL,992,3,12,0,,0,NA,NA,NA,NA,NA
2008,1,22,2,651,650,839,845,WN,1317,N522SW,108,115,94,-6,1,HOU,STL,687,4,10,0,,0,NA,NA,NA,NA,NA
2009,1,11,5,636,640,913,925,WN,1769,N221WN,157,165,145,-12,-4,LAS,SEA,866,4,8,0,,0,NA,NA,NA,NA,NA
2009,1,12,6,2043,2045,2205,2225,WN,3046,N425LV,142,160,131,-20,-2,MCO,HOU,848,3,8,0,,0,NA,NA,NA,NA,NA
2009,1,11,5,2017,2020,2128,2135,WN,490,N337SW,71,75,61,-7,-3,STL,TUL,351,3,7,0,,0,NA,NA,NA,NA,NA
2009,1,9,3,628,630,954,925,WN,235,N753SW,146,115,128,29,-2,MDW,PHL,668,6,12,0,,0,0,0,29,0,0
2009,1,13,7,1533,1500,1654,1625,WN,2542,N438WN,81,85,68,29,33,MDW,OMA,423,2,11,0,,0,0,0,0,0,29
2009,1,4,5,1250,1250,1356,1355,WN,1838,N522SW,66,65,53,1,0,LAS,BUR,223,3,10,0,,0,NA,NA,NA,NA,NA
2009,1,13,7,717,720,1027,1025,WN,3306,N790SW,190,185,169,2,-3,ALB,MCO,1073,6,15,0,,0,NA,NA,NA,NA,NA
2008,1,17,4,1226,1225,1328,1330,WN,523,N755SA,62,65,41,-2,1,BUR,LAS,223,7,14,0,,0,NA,NA,NA,NA,NA
2009,1,12,6,917,920,1226,1245,WN,1665,N711HK,129,145,116,-19,-3,HOU,FLL,957,5,8,0,,0,NA,NA,NA,NA,NA
2008,1,22,2,1556,1550,1805,1800,WN,1122,N682SW,69,70,46,5,6,LAS,PHX,256,5,18,0,,0,NA,NA,NA,NA,NA
2009,1,9,3,1255,1255,1507,1515,WN,1828,N675AA,72,80,62,-8,0,MDW,BUF,468,3,7,0,,0,NA,NA,NA,NA,NA
2009,1,7,1,2059,2100,2151,2155,WN,60,N763SW,52,55,41,-4,-1,HOU,DAL,239,3,8,0,,0,NA,NA,NA,NA,NA
2008,1,22,2,1524,1525,1629,1625,WN,1435,N528SW,65,60,49,4,-1,DAL,SAT,248,3,13,0,,0,NA,NA,NA,NA,NA
2009,1,11,5,735,740,905,900,WN,472,N711HK,90,80,66,5,-5,BHM,STL,410,6,18,0,,0,NA,NA,NA,NA,NA
2008,1,18,5,1241,1235,1454,1445,WN,3504,N266WN,73,70,57,9,6,SNA,PHX,338,9,7,0,,0,NA,NA,NA,NA,NA
2008,1,21,1,1237,1240,1459,1525,WN,2961,N401WN,142,165,131,-26,-3,RSW,PHL,992,6,5,0,,0,NA,NA,NA,NA,NA
2009,1,9,3,903,905,1427,1440,WN,2126,N260WN,204,215,182,-13,-2,ABQ,BWI,1670,15,7,0,,0,NA,NA,NA,NA,NA
2009,1,10,4,2013,2015,2318,2315,WN,396,N424WN,125,120,94,3,-2,MDW,MHT,838,3,28,0,,0,NA,NA,NA,NA,NA
2008,1,21,1,1734,1445,1850,1600,WN,1482,N418WN,76,75,58,170,169,OAK,ONT,361,5,13,0,,0,10,0,1,0,159
2009,1,6,7,1740,1720,1832,1825,WN,746,N281WN,52,65,41,7,20,PHX,ABQ,328,5,6,0,,0,NA,NA,NA,NA,NA
2009,1,12,6,1234,1200,1351,1325,WN,294,N399WN,77,85,67,26,34,SMF,SAN,480,2,8,0,,0,0,0,0,21,5
2008,1,16,3,1619,1620,1848,1845,WN,368,N439WN,89,85,74,3,-1,BUR,PHX,369,6,9,0,,0,NA,NA,NA,NA,NA
2008,1,18,5,1351,1335,1641,1620,WN,1251,N358SW,110,105,95,21,16,BNA,TPA,612,5,10,0,,0,12,0,5,0,4
2008,1,16,3,1344,1335,1505,1505,WN,1386,N485WN,81,90,69,0,9,SAN,OAK,446,6,6,0,,0,NA,NA,NA,NA,NA
2009,1,11,5,1011,1010,1047,1020,WN,3572,N436WN,96,70,49,27,1,PHX,LAS,256,5,42,0,,0,0,0,27,0,0
2009,1,5,6,1451,1455,1550,1600,WN,956,N611SW,59,65,48,-10,-4,OKC,MCI,313,3,8,0,,0,NA,NA,NA,NA,NA
2009,1,5,6,721,715,930,930,WN,1945,N271WN,309,315,295,0,6,RDU,LAS,2027,7,7,0,,0,NA,NA,NA,NA,NA
2009,1,11,5,1441,1440,1650,1655,WN,746,N771SA,69,75,57,-5,1,LAX,PHX,370,5,7,0,,0,NA,NA,NA,NA,NA
2008,1,20,7,806,810,934,935,WN,3419,N674AA,88,85,76,-1,-4,RNO,SAN,488,3,9,0,,0,NA,NA,NA,NA,NA
2009,1,4,5,1921,1850,2035,2005,WN,988,N374SW,74,75,60,30,31,OAK,ONT,361,5,9,0,,0,5,0,0,0,25
2009,1,7,1,959,1000,1005,1010,WN,63,N708SA,66,70,55,-5,-1,SDF,BHM,323,4,7,0,,0,NA,NA,NA,NA,NA
2009,1,6,7,2310,1940,149,2225,WN,517,N250WN,99,105,77,204,210,SMF,PHX,647,4,18,0,,0,0,0,0,0,204
2009,1,13,7,1106,1110,1346,1400,WN,1638,N782SA,100,110,85,-14,-4,SMF,PHX,647,5,10,0,,0,NA,NA,NA,NA,NA
2009,1,11,5,1535,1535,1557,1610,WN,2804,N417WN,82,95,69,-13,0,JAX,BNA,484,4,9,0,,0,NA,NA,NA,NA,NA
2009,1,12,6,1037,1040,1219,1200,WN,2201,N667SW,102,80,70,19,-3,ONT,SMF,389,24,8,0,,0,0,0,19,0,0
2009,1,5,6,1406,1340,1512,1450,WN,2472,N386SW,66,70,57,22,26,ONT,SJC,333,2,7,0,,0,0,0,0,0,22
2008,1,22,2,1803,1805,1923,1915,WN,1107,N470WN,80,70,50,8,-2,BUF,BWI,281,4,26,0,,0,NA,NA,NA,NA,NA
2009,1,10,4,1229,1220,1331,1320,WN,19,N521SW,62,60,49,11,9,HOU,HRL,276,4,9,0,,0,NA,NA,NA,NA,NA
2009,1,4,5,1003,935,1251,1230,WN,3757,N684WN,108,115,98,21,28,MDW,PHL,668,4,6,0,,0,21,0,0,0,0
2008,1,15,2,749,755,1021,1025,WN,1771,N315SW,152,150,119,-4,-6,PHL,JAX,742,4,29,0,,0,NA,NA,NA,NA,NA
2008,1,21,1,1158,1200,1251,1255,WN,24,N519SW,53,55,41,-4,-2,HOU,DAL,239,3,9,0,,0,NA,NA,NA,NA,NA
2009,1,7,1,747,745,855,900,WN,2460,N252WN,68,75,56,-5,2,ONT,SJC,333,4,8,0,,0,NA,NA,NA,NA,NA
2008,1,21,1,1744,1745,1838,1840,WN,544,N225WN,114,115,100,-2,-1,PHX,SJC,621,9,5,0,,0,NA,NA,NA,NA,NA
2009,1,8,2,701,700,804,755,WN,4,N400WN,63,55,56,9,1,HOU,DAL,239,2,5,0,,0,NA,NA,NA,NA,NA
2009,1,8,2,1245,1235,1556,1555,WN,327,N397SW,131,140,120,1,10,SAT,TPA,972,4,7,0,,0,NA,NA,NA,NA,NA
2008,1,22,2,944,940,1324,1335,WN,3059,N441WN,160,175,145,-11,4,MDW,FLL,1166,4,11,0,,0,NA,NA,NA,NA,NA
2009,1,5,6,1100,1100,1205,1205,WN,169,N550WN,125,125,104,0,0,FLL,MSY,673,3,18,0,,0,NA,NA,NA,NA,NA
2008,1,18,5,1441,1345,1605,1500,WN,3054,N472WN,84,75,56,65,56,BUR,SMF,358,3,25,0,,0,0,0,9,0,56
2008,1,20,7,1440,1440,1944,1950,WN,1309,N288WN,184,190,168,-6,0,ABQ,TPA,1497,6,10,0,,0,NA,NA,NA,NA,NA
2008,1,17,4,1241,1240,1412,1425,WN,875,N602SW,211,225,190,-13,1,STL,LAS,1372,15,6,0,,0,NA,NA,NA,NA,NA
2008,1,17,4,2046,1900,2150,2005,WN,57,N676SW,64,65,55,105,106,LIT,DAL,296,3,6,0,,0,0,0,0,0,105
2009,1,6,7,714,715,930,930,WN,1945,N551WN,316,315,301,0,-1,RDU,LAS,2027,7,8,0,,0,NA,NA,NA,NA,NA
2008,1,18,5,1121,1120,1216,1225,WN,1759,N401WN,55,65,45,-9,1,BWI,ALB,288,4,6,0,,0,NA,NA,NA,NA,NA
2008,1,17,4,2214,2125,2318,2220,WN,55,N206WN,64,55,51,58,49,HOU,HRL,276,4,9,0,,0,45,0,9,0,4
2009,1,7,1,1637,1640,1750,1750,WN,2450,N233LV,73,70,57,0,-3,SAN,LAS,258,5,11,0,,0,NA,NA,NA,NA,NA
2009,1,4,5,2022,2020,2123,2130,WN,3774,N205WN,181,190,160,-7,2,MCI,LAS,1140,7,14,0,,0,NA,NA,NA,NA,NA
2009,1,12,6,1005,1005,1200,1220,WN,3430,N464WN,235,255,223,-20,0,BHM,LAS,1618,4,8,0,,0,NA,NA,NA,NA,NA
2008,1,17,4,1330,1305,1517,1500,WN,1946,N694SW,167,175,152,17,25,HOU,PHX,1020,6,9,0,,0,16,0,0,0,1
2009,1,5,6,1025,1010,1227,1110,WN,2549,N395SW,182,120,110,77,15,SLC,LAX,590,8,64,0,,0,0,15,62,0,0
2008,1,15,2,1714,1715,1924,1930,WN,1747,N730SW,70,75,45,-6,-1,LAS,PHX,256,5,20,0,,0,NA,NA,NA,NA,NA
2008,1,19,6,1113,1115,1318,1335,WN,651,N365SW,125,140,114,-17,-2,GEG,LAS,806,4,7,0,,0,NA,NA,NA,NA,NA
2009,1,11,5,2108,2040,2317,2250,WN,520,N358SW,69,70,54,27,28,LAX,PHX,370,5,10,0,,0,0,0,0,0,27
2009,1,9,3,809,810,937,930,WN,337,N600WN,88,80,74,7,-1,LAX,SMF,373,4,10,0,,0,NA,NA,NA,NA,NA
2008,1,16,3,1635,1620,1638,1630,WN,1343,N323SW,63,70,44,8,15,DTW,MDW,229,6,13,0,,0,NA,NA,NA,NA,NA
2009,1,13,7,1121,1120,1837,1840,WN,1422,N473WN,256,260,233,-3,1,LAS,RDU,2027,5,18,0,,0,NA,NA,NA,NA,NA
2009,1,14,1,609,610,821,835,WN,3412,N236WN,132,145,112,-14,-1,MCO,PHL,861,10,10,0,,0,NA,NA,NA,NA,NA
2008,1,15,2,1815,1815,1920,1920,WN,878,N651SW,65,65,56,0,0,LAX,SJC,308,3,6,0,,0,NA,NA,NA,NA,NA
2009,1,9,3,1408,1405,1735,1750,WN,972,N315SW,147,165,128,-15,3,SEA,ABQ,1180,5,14,0,,0,NA,NA,NA,NA,NA
2008,1,20,7,830,835,1152,1205,WN,799,N712SW,142,150,127,-13,-5,PHX,OMA,1037,2,13,0,,0,NA,NA,NA,NA,NA
2008,1,16,3,701,700,855,850,WN,941,N325SW,114,110,101,5,1,RNO,SEA,564,5,8,0,,0,NA,NA,NA,NA,NA
2009,1,14,1,918,850,1114,1045,WN,1376,N646SW,176,175,156,29,28,BWI,MSY,998,4,16,0,,0,18,0,1,0,10
2008,1,21,1,1303,1255,1427,1440,WN,2474,N392SW,84,105,68,-13,8,PHL,CMH,405,3,13,0,,0,NA,NA,NA,NA,NA
2009,1,4,5,614,615,749,730,WN,2637,N747SA,95,75,46,19,-1,PHL,PIT,267,3,46,0,,0,0,0,19,0,0
2008,1,17,4,721,720,843,900,WN,1473,N399WN,142,160,129,-17,1,MCO,STL,880,4,9,0,,0,NA,NA,NA,NA,NA
2008,1,17,4,758,745,939,950,WN,1005,N253WN,161,185,144,-11,13,DEN,SEA,1024,4,13,0,,0,NA,NA,NA,NA,NA
2009,1,10,4,1928,1855,2042,2000,WN,490,N311SW,74,65,48,42,33,MDW,STL,251,5,21,0,,0,26,0,9,0,7
2009,1,5,6,2130,2040,2226,2150,WN,3514,N453WN,56,70,46,36,50,FLL,JAX,318,3,7,0,,0,9,0,0,0,27
2009,1,9,3,1729,1720,1848,1840,WN,386,N349SW,79,80,61,8,9,SMF,LAX,373,6,12,0,,0,NA,NA,NA,NA,NA
2009,1,9,3,1214,1200,1245,1230,WN,1041,N748SW,91,90,72,15,14,BOI,SEA,399,6,13,0,,0,0,0,1,0,14
2008,1,22,2,1154,1140,1521,1530,WN,620,N266WN,147,170,136,-9,14,MDW,RSW,1105,3,8,0,,0,NA,NA,NA,NA,NA
2008,1,18,5,714,715,828,835,WN,540,N342SW,74,80,58,-7,-1,MCI,MDW,405,4,12,0,,0,NA,NA,NA,NA,NA
2008,1,19,6,1054,1050,1143,1150,WN,1282,N291WN,49,60,35,-7,4,TPA,FLL,197,4,10,0,,0,NA,NA,NA,NA,NA
2009,1,7,1,1823,1825,2030,2045,WN,1830,N236WN,127,140,116,-15,-2,RSW,BWI,919,6,5,0,,0,NA,NA,NA,NA,NA
2008,1,15,2,1539,1540,1853,1905,WN,2560,N707SA,134,145,125,-12,-1,PHX,OMA,1037,3,6,0,,0,NA,NA,NA,NA,NA
2008,1,22,2,1819,1820,2200,2215,WN,1509,N770SA,161,175,147,-15,-1,MDW,FLL,1166,5,9,0,,0,NA,NA,NA,NA,NA
2008,1,15,2,1452,1455,1541,1550,WN,522,N323SW,49,55,41,-9,-3,HOU,SAT,192,2,6,0,,0,NA,NA,NA,NA,NA
2009,1,6,7,1449,1420,1506,1435,WN,280,N708SA,77,75,65,31,29,TUS,LAS,365,5,7,0,,0,2,0,2,0,27
2009,1,5,6,1205,1135,1447,1420,WN,3237,N422WN,342,345,331,27,30,ALB,LAS,2237,4,7,0,,0,11,0,0,0,16
2008,1,21,1,1428,1415,1658,1700,WN,3072,N782SA,90,105,78,-2,13,LAX,SLC,590,4,8,0,,0,NA,NA,NA,NA,NA
2009,1,5,6,721,720,932,925,WN,889,N485WN,131,125,110,7,1,MCO,BWI,787,4,17,0,,0,NA,NA,NA,NA,NA
2009,1,9,3,1226,1210,1341,1325,WN,813,N258WN,75,75,60,16,16,MDW,BNA,395,5,10,0,,0,11,0,0,0,5
2009,1,11,5,658,700,759,800,WN,1571,N719SW,61,60,43,-1,-2,BWI,ISP,220,3,15,0,,0,NA,NA,NA,NA,NA
2008,1,16,3,1407,1410,1419,1425,WN,517,N496WN,72,75,57,-6,-3,PHX,SNA,338,3,12,0,,0,NA,NA,NA,NA,NA
2009,1,3,4,1938,1910,2049,2020,WN,708,N286WN,71,70,53,29,28,RNO,LAS,345,7,11,0,,0,13,0,1,0,15
2008,1,18,5,1042,1040,1245,1250,WN,1617,N274WN,123,130,107,-5,2,SJC,SEA,697,7,9,0,,0,NA,NA,NA,NA,NA
2008,1,18,5,1505,1505,1617,1620,WN,2103,N616SW,72,75,60,-3,0,ONT,SMF,389,4,8,0,,0,NA,NA,NA,NA,NA
2009,1,13,7,1312,1310,1800,1750,WN,1621,N479WN,168,160,135,10,2,LAS,OMA,1099,4,29,0,,0,NA,NA,NA,NA,NA
2009,1,13,7,2023,1855,2315,2200,WN,883,N484WN,172,185,164,75,88,ALB,MCO,1073,3,5,0,,0,0,0,0,0,75
2009,1,9,3,1330,1325,1450,1450,WN,2019,N695SW,80,85,69,0,5,SDF,BWI,495,5,6,0,,0,NA,NA,NA,NA,NA
2009,1,5,6,2016,1955,2307,2245,WN,908,N623SW,111,110,97,22,21,LAS,DEN,629,5,9,0,,0,0,0,1,0,21
2009,1,6,7,1113,1100,1447,1455,WN,782,N398SW,154,175,141,-8,13,PHX,STL,1262,5,8,0,,0,NA,NA,NA,NA,NA
2008,1,19,6,1322,1315,1423,1425,WN,24,N655WN,61,70,51,-2,7,DAL,MAF,319,2,8,0,,0,NA,NA,NA,NA,NA
2008,1,17,4,2329,2035,152,2320,WN,644,N497WN,143,165,128,152,174,PHL,MCO,861,4,11,0,,0,10,0,0,0,142
2009,1,13,7,1203,1155,1751,1750,WN,1509,N249WN,228,235,213,1,8,LAX,MDW,1750,7,8,0,,0,NA,NA,NA,NA,NA
2008,1,15,2,915,915,1129,1145,WN,881,N240WN,254,270,227,-16,0,MDW,PDX,1751,17,10,0,,0,NA,NA,NA,NA,NA
2008,1,16,3,634,635,741,750,WN,1353,N650SW,67,75,55,-9,-1,SMF,ONT,389,4,8,0,,0,NA,NA,NA,NA,NA
2009,1,12,6,1829,1835,1921,1930,WN,2039,N653SW,52,55,40,-9,-6,MCI,STL,237,5,7,0,,0,NA,NA,NA,NA,NA
2008,1,17,4,641,640,827,825,WN,633,N514SW,106,105,91,2,1,OAK,PDX,543,3,12,0,,0,NA,NA,NA,NA,NA
2008,1,20,7,926,925,1305,1325,WN,1576,N600WN,159,180,149,-20,1,AUS,BWI,1342,3,7,0,,0,NA,NA,NA,NA,NA
2008,1,23,3,1802,1805,1906,1915,WN,1107,N499WN,64,70,51,-9,-3,BUF,BWI,281,4,9,0,,0,NA,NA,NA,NA,NA
2009,1,7,1,1124,1120,1246,1240,WN,397,N442WN,82,80,58,6,4,RNO,LAX,390,5,19,0,,0,NA,NA,NA,NA,NA
2008,1,21,1,1040,1035,1136,1135,WN,1530,N404WN,56,60,43,1,5,STL,MDW,251,4,9,0,,0,NA,NA,NA,NA,NA
2008,1,20,7,742,745,1135,1155,WN,1769,N445WN,173,190,159,-20,-3,PHX,BNA,1448,4,10,0,,0,NA,NA,NA,NA,NA
2008,1,17,4,2004,1810,2232,2050,WN,637,N325SW,148,160,131,102,114,PHL,MCO,861,6,11,0,,0,20,0,0,0,82
2009,1,11,5,711,715,1109,1120,WN,903,N728SW,178,185,167,-11,-4,SAT,BWI,1407,4,7,0,,0,NA,NA,NA,NA,NA
2009,1,11,5,1642,1645,1746,1755,WN,1192,N798SW,64,70,55,-9,-3,MSY,HOU,303,3,6,0,,0,NA,NA,NA,NA,NA
2008,1,14,1,1740,1740,1834,1835,WN,1461,N733SA,54,55,43,-1,0,SAT,DAL,248,4,7,0,,0,NA,NA,NA,NA,NA
2008,1,18,5,1655,1655,1815,1815,WN,2629,N269WN,80,80,58,0,0,OMA,MDW,423,6,16,0,,0,NA,NA,NA,NA,NA
2009,1,14,1,2016,2020,2249,2305,WN,1460,N222WN,153,165,141,-16,-4,MCO,MHT,1142,4,8,0,,0,NA,NA,NA,NA,NA
2009,1,8,2,1008,1005,1133,1140,WN,813,N659SW,145,155,133,-7,3,MHT,MDW,838,5,7,0,,0,NA,NA,NA,NA,NA
2008,1,20,7,1515,1520,1810,1830,WN,880,N337SW,115,130,103,-20,-5,BNA,PVD,907,4,8,0,,0,NA,NA,NA,NA,NA
2008,1,17,4,730,725,950,950,WN,1609,N473WN,80,85,67,0,5,DEN,OKC,495,3,10,0,,0,NA,NA,NA,NA,NA
2009,1,6,7,808,805,907,920,WN,909,N624SW,119,135,107,-13,3,HOU,ABQ,759,3,9,0,,0,NA,NA,NA,NA,NA
2009,1,5,6,1612,1615,1724,1730,WN,2205,N662SW,72,75,60,-6,-3,STL,BHM,410,4,8,0,,0,NA,NA,NA,NA,NA
2008,1,20,7,1322,1325,1516,1530,WN,2735,N457WN,54,65,44,-14,-3,MDW,CMH,284,3,7,0,,0,NA,NA,NA,NA,NA
2008,1,22,2,639,640,707,700,WN,1372,N403WN,88,80,59,7,-1,CLE,MDW,307,7,22,0,,0,NA,NA,NA,NA,NA
2008,1,16,3,1633,1630,1759,1805,WN,1573,N735SA,86,95,78,-6,3,PHX,SLC,507,3,5,0,,0,NA,NA,NA,NA,NA
2009,1,10,4,1800,1715,1809,1725,WN,581,N482WN,69,70,52,44,45,DTW,MDW,229,6,11,0,,0,3,0,0,0,41
2008,1,18,5,1648,1645,1825,1825,WN,2987,N735SA,157,160,142,0,3,PVD,MDW,842,6,9,0,,0,NA,NA,NA,NA,NA
2008,1,18,5,955,950,1057,1100,WN,2193,N414WN,62,70,54,-3,5,SMF,BUR,358,2,6,0,,0,NA,NA,NA,NA,NA
2009,1,5,6,949,955,1034,1045,WN,150,N266WN,45,50,33,-11,-6,MCO,RSW,133,2,10,0,,0,NA,NA,NA,NA,NA
2009,1,9,3,1753,1800,1908,1910,WN,802,N209WN,75,70,54,-2,-7,SAN,LAS,258,5,16,0,,0,NA,NA,NA,NA,NA
2008,1,17,4,1728,1720,1827,1825,WN,503,N478WN,59,65,44,2,8,LAS,BUR,223,2,13,0,,0,NA,NA,NA,NA,NA
2008,1,20,7,1444,1445,1554,1600,WN,1162,N426WN,70,75,57,-6,-1,DAL,MSY,437,4,9,0,,0,NA,NA,NA,NA,NA
2009,1,9,3,1251,1255,1350,1400,WN,85,N360SW,59,65,50,-10,-4,AMA,DAL,324,3,6,0,,0,NA,NA,NA,NA,NA
2009,1,6,7,1507,1445,1622,1555,WN,3517,N902WN,75,70,58,27,22,RNO,LAS,345,5,12,0,,0,6,0,5,0,16
2009,1,12,6,1201,1200,1327,1330,WN,3679,N740SW,86,90,68,-3,1,SAN,OAK,446,4,14,0,,0,NA,NA,NA,NA,NA
2008,1,15,2,2136,2120,16,10,WN,611,N354SW,100,110,82,6,16,LAS,DEN,629,6,12,0,,0,NA,NA,NA,NA,NA
2009,1,7,1,622,625,838,850,WN,1320,N282WN,76,85,62,-12,-3,LAS,ABQ,487,3,11,0,,0,NA,NA,NA,NA,NA
2009,1,8,2,605,610,851,900,WN,873,N453WN,106,110,86,-9,-5,SMF,PHX,647,9,11,0,,0,NA,NA,NA,NA,NA
2008,1,19,6,1137,1130,1233,1220,WN,752,N279WN,56,50,42,13,7,HOU,SAT,192,4,10,0,,0,NA,NA,NA,NA,NA
2009,1,6,7,1129,1130,1227,1230,WN,21,N502SW,58,60,46,-3,-1,DAL,HOU,239,3,9,0,,0,NA,NA,NA,NA,NA
2009,1,12,6,1138,1135,1251,1255,WN,2195,N375SW,73,80,60,-4,3,BNA,MDW,395,4,9,0,,0,NA,NA,NA,NA,NA
2009,1,11,5,1522,1525,1616,1625,WN,2176,N503SW,54,60,43,-9,-3,STL,MDW,251,5,6,0,,0,NA,NA,NA,NA,NA
2009,1,8,2,1339,1340,1449,1450,WN,2472,N378SW,70,70,62,-1,-1,ONT,SJC,333,3,5,0,,0,NA,NA,NA,NA,NA
2008,1,19,6,914,915,1040,1040,WN,2290,N672SW,86,85,70,0,-1,OAK,LAS,407,5,11,0,,0,NA,NA,NA,NA,NA
2009,1,3,4,705,705,1015,1020,WN,124,N450WN,130,135,108,-5,0,STL,TPA,869,4,18,0,,0,NA,NA,NA,NA,NA
2008,1,22,2,1724,1715,38,100,WN,2732,N212WN,254,285,229,-22,9,LAS,PHL,2176,4,21,0,,0,NA,NA,NA,NA,NA
2009,1,4,5,1938,1935,2255,2305,WN,3919,N676SW,137,150,124,-10,3,MDW,MCO,989,3,10,0,,0,NA,NA,NA,NA,NA
2008,1,18,5,1617,1600,1642,1620,WN,3327,N416WN,85,80,61,22,17,PHX,BUR,369,18,6,0,,0,4,0,5,0,13
2008,1,17,4,655,655,806,815,WN,709,N715SW,71,80,61,-9,0,HOU,TUL,453,3,7,0,,0,NA,NA,NA,NA,NA
2009,1,4,5,2215,2110,2338,2250,WN,381,N251WN,83,100,72,48,65,SAN,SFO,447,4,7,0,,0,0,0,10,0,38
2009,1,7,1,746,750,752,805,WN,238,N371SW,66,75,55,-13,-4,PHX,ONT,325,3,8,0,,0,NA,NA,NA,NA,NA
2009,1,6,7,1618,1620,1714,1710,WN,2174,N769SW,56,50,41,4,-2,SAT,HOU,192,4,11,0,,0,NA,NA,NA,NA,NA
2009,1,10,4,650,650,815,815,WN,110,N503SW,85,85,75,0,0,MSY,DAL,437,4,6,0,,0,NA,NA,NA,NA,NA
2008,1,20,7,1626,1625,1841,1835,WN,1465,N658SW,75,70,61,6,1,MDW,DTW,229,5,9,0,,0,NA,NA,NA,NA,NA
2008,1,17,4,939,945,1029,1055,WN,3056,N212WN,170,190,157,-26,-6,AUS,SAN,1164,2,11,0,,0,NA,NA,NA,NA,NA
2008,1,17,4,1751,1750,2014,2015,WN,1624,N744SW,83,85,69,-1,1,BUR,PHX,369,9,5,0,,0,NA,NA,NA,NA,NA
2009,1,5,6,1140,830,1548,1230,WN,401,N434WN,188,180,147,198,190,SLC,MDW,1258,4,37,0,,0,14,0,8,0,176
2008,1,14,1,1320,1320,1402,1405,WN,1614,N706SW,102,105,84,-3,0,TPA,MSY,487,5,13,0,,0,NA,NA,NA,NA,NA
2008,1,19,6,657,700,1059,1115,WN,387,N416WN,182,195,171,-16,-3,TUS,MDW,1440,4,7,0,,0,NA,NA,NA,NA,NA
2008,1,14,1,1008,1010,1602,1550,WN,983,N208WN,234,220,214,12,-2,SAN,BNA,1751,5,15,0,,0,NA,NA,NA,NA,NA
2008,1,17,4,1157,1145,1244,1235,WN,18,N347SW,107,110,92,9,12,DAL,ABQ,580,7,8,0,,0,NA,NA,NA,NA,NA
2009,1,7,1,1727,1730,1851,1830,WN,977,N310SW,84,60,52,21,-3,STL,MCI,237,21,11,0,,0,0,0,21,0,0
2008,1,22,2,1013,1010,1532,1550,WN,983,N902WN,199,220,186,-18,3,SAN,BNA,1751,5,8,0,,0,NA,NA,NA,NA,NA
2009,1,10,4,1630,1630,1843,1845,WN,3517,N344SW,73,75,45,-2,0,LAS,PHX,256,9,19,0,,0,NA,NA,NA,NA,NA
2008,1,16,3,953,955,1211,1230,WN,1361,N261WN,198,215,182,-19,-2,STL,PHX,1262,6,10,0,,0,NA,NA,NA,NA,NA
2008,1,22,2,908,910,1133,1135,WN,816,N674AA,145,145,126,-2,-2,HOU,MDW,937,7,12,0,,0,NA,NA,NA,NA,NA
2008,1,21,1,947,940,1330,1335,WN,3059,N215WN,163,175,150,-5,7,MDW,FLL,1166,3,10,0,,0,NA,NA,NA,NA,NA
2009,1,6,7,1812,1735,2010,1935,WN,872,N249WN,118,120,102,35,37,OAK,SEA,671,4,12,0,,0,1,0,0,0,34
2009,1,3,4,1349,1325,1549,1530,WN,2470,N339SW,60,65,50,19,24,MDW,CMH,284,2,8,0,,0,19,0,0,0,0
2009,1,11,5,1353,1335,1630,1615,WN,222,N600WN,157,160,141,15,18,BWI,FLL,925,3,13,0,,0,15,0,0,0,0
2009,1,10,4,613,615,725,735,WN,424,N345SA,72,80,58,-10,-2,MCI,MDW,405,4,10,0,,0,NA,NA,NA,NA,NA
2009,1,6,7,734,730,942,945,WN,250,N522SW,188,195,174,-3,4,LIT,PHX,1136,6,8,0,,0,NA,NA,NA,NA,NA
2008,1,20,7,720,720,845,900,WN,223,N411WN,85,100,73,-15,0,TPA,RDU,587,2,10,0,,0,NA,NA,NA,NA,NA
2009,1,13,7,1058,1055,1314,1335,WN,329,N297WN,256,280,238,-21,3,BNA,LAX,1797,10,8,0,,0,NA,NA,NA,NA,NA
2009,1,12,6,1856,1900,2009,2020,WN,918,N502SW,73,80,63,-11,-4,OMA,MDW,423,4,6,0,,0,NA,NA,NA,NA,NA
2008,1,20,7,1107,1105,1200,1200,WN,2374,N671SW,53,55,39,0,2,SJC,RNO,188,5,9,0,,0,NA,NA,NA,NA,NA
2008,1,15,2,1726,1725,42,45,WN,1099,N207WN,256,260,234,-3,1,LAS,BWI,2106,4,18,0,,0,NA,NA,NA,NA,NA
2009,1,13,7,1856,1825,2142,2145,WN,1832,N288WN,286,320,270,-3,31,BWI,PHX,1999,6,10,0,,0,NA,NA,NA,NA,NA
2009,1,6,7,1305,1250,1403,1350,WN,1582,N394SW,58,60,46,13,15,ONT,LAS,197,6,6,0,,0,NA,NA,NA,NA,NA
2009,1,4,5,1129,1130,1214,1205,WN,130,N320SW,105,95,82,9,-1,OKC,DEN,495,12,11,0,,0,NA,NA,NA,NA,NA
2009,1,12,6,1235,1235,1454,1455,WN,2560,N670SW,139,140,124,-1,0,PIT,MCO,834,6,9,0,,0,NA,NA,NA,NA,NA
2009,1,6,7,1811,1710,2047,1955,WN,230,N376SW,96,105,81,52,61,LAX,ABQ,677,5,10,0,,0,19,0,0,0,33
2009,1,4,5,1020,1010,1120,1110,WN,2549,N687SW,120,120,105,10,10,SLC,LAX,590,4,11,0,,0,NA,NA,NA,NA,NA
2008,1,19,6,1600,1540,1648,1635,WN,568,N361SW,48,55,38,13,20,HRL,SAT,233,5,5,0,,0,NA,NA,NA,NA,NA
2009,1,14,1,1004,950,1130,1120,WN,1924,N307SW,86,90,74,10,14,HOU,BHM,570,2,10,0,,0,NA,NA,NA,NA,NA
2008,1,16,3,1226,1225,1320,1315,WN,3586,N418WN,54,50,36,5,1,PBI,TPA,174,3,15,0,,0,NA,NA,NA,NA,NA
2008,1,17,4,1101,1105,1223,1235,WN,1359,N613SW,82,90,69,-12,-4,LAS,OAK,407,4,9,0,,0,NA,NA,NA,NA,NA
2008,1,20,7,2009,2000,2118,2115,WN,1049,N600WN,69,75,58,3,9,LAX,OAK,337,4,7,0,,0,NA,NA,NA,NA,NA
2009,1,8,2,1913,1840,2026,2000,WN,3142,N738CB,73,80,52,26,33,SJC,LAS,386,14,7,0,,0,2,0,0,0,24
2009,1,5,6,1624,1625,1748,1750,WN,204,N354SW,144,145,130,-2,-1,OKC,PHX,833,8,6,0,,0,NA,NA,NA,NA,NA
2009,1,5,6,1815,1815,1930,1935,WN,2034,N745SW,75,80,64,-5,0,PVD,BWI,328,4,7,0,,0,NA,NA,NA,NA,NA
2009,1,14,1,1732,1645,1902,1815,WN,2133,N519SW,90,90,69,47,47,MHT,PHL,290,8,13,0,,0,0,0,0,0,47
2008,1,15,2,1656,1655,1858,1850,WN,259,N483WN,122,115,100,8,1,BHM,HOU,570,4,18,0,,0,NA,NA,NA,NA,NA
2009,1,6,7,2229,2125,49,2345,WN,890,N753SW,80,80,60,64,64,LAS,ABQ,487,6,14,0,,0,5,0,0,0,59
2009,1,11,5,1707,1700,1757,1800,WN,3509,N483WN,50,60,38,-3,7,MCO,FLL,178,3,9,0,,0,NA,NA,NA,NA,NA
2008,1,21,1,1135,1135,1250,1255,WN,2735,N400WN,75,80,59,-5,0,MCI,MDW,405,5,11,0,,0,NA,NA,NA,NA,NA
2009,1,4,5,2045,2045,2214,2210,WN,2890,N406WN,89,85,72,4,0,PDX,SMF,479,4,13,0,,0,NA,NA,NA,NA,NA
2008,1,15,2,1058,1100,1103,1105,WN,1592,N460WN,65,65,51,-2,-2,SDF,MDW,271,5,9,0,,0,NA,NA,NA,NA,NA
2008,1,15,2,752,745,753,755,WN,1425,N426WN,61,70,48,-2,7,CMH,MDW,284,5,8,0,,0,NA,NA,NA,NA,NA
2008,1,17,4,723,725,826,830,WN,1333,N398SW,63,65,54,-4,-2,LAX,SJC,308,4,5,0,,0,NA,NA,NA,NA,NA
2008,1,22,2,2218,2220,2210,2225,WN,628,N763SW,52,65,41,-15,-2,PHX,LAS,256,7,4,0,,0,NA,NA,NA,NA,NA
2009,1,4,5,2206,2040,2323,2155,WN,2273,N628SW,77,75,58,88,86,LAS,RNO,345,6,13,0,,0,0,37,2,0,49
2009,1,11,5,2106,2045,2210,2155,WN,1853,N355SW,64,70,51,15,21,SMF,BUR,358,3,10,0,,0,1,0,0,0,14
2009,1,8,2,2009,2010,2038,2035,WN,2871,N708SA,89,85,76,3,-1,PHX,BUR,369,2,11,0,,0,NA,NA,NA,NA,NA
2008,1,14,1,1508,1510,2042,2050,WN,1689,N734SA,214,220,198,-8,-2,SAN,BNA,1751,6,10,0,,0,NA,NA,NA,NA,NA
2008,1,14,1,612,610,716,710,WN,1247,N286WN,64,60,48,6,2,PHX,ABQ,328,6,10,0,,0,NA,NA,NA,NA,NA
2008,1,22,2,1745,1750,1909,1910,WN,727,N407WN,84,80,69,-1,-5,SMF,SNA,404,5,10,0,,0,NA,NA,NA,NA,NA
2009,1,10,4,735,735,1307,1330,WN,1206,N783SW,212,235,199,-23,0,PDX,MDW,1751,3,10,0,,0,NA,NA,NA,NA,NA
2008,1,17,4,1830,1700,1951,1830,WN,1435,N632SW,141,150,128,81,90,SAT,PHX,843,6,7,0,,0,0,0,0,0,81
2008,1,20,7,2112,2115,2131,2135,WN,3930,N499WN,79,80,67,-4,-3,PHX,BUR,369,3,9,0,,0,NA,NA,NA,NA,NA
2008,1,15,2,1935,1935,1935,1940,WN,2033,N751SW,60,65,51,-5,0,PHX,SAN,304,3,6,0,,0,NA,NA,NA,NA,NA
2008,1,20,7,1308,1310,1825,1840,WN,2193,N401WN,197,210,177,-15,-2,LAS,BNA,1588,5,15,0,,0,NA,NA,NA,NA,NA
2009,1,6,7,2222,1945,2358,2130,WN,479,N738CB,96,105,85,148,157,STL,DAL,546,3,8,0,,0,0,0,0,0,148
2009,1,8,2,641,640,1220,1235,WN,234,N483WN,219,235,203,-15,1,SMF,MDW,1790,8,8,0,,0,NA,NA,NA,NA,NA
2009,1,11,5,608,610,731,730,WN,276,N314SW,83,80,69,1,-2,LAS,SJC,386,3,11,0,,0,NA,NA,NA,NA,NA
2008,1,19,6,1008,1010,1058,1110,WN,460,N487WN,110,120,84,-12,-2,SLC,LAX,590,8,18,0,,0,NA,NA,NA,NA,NA
2009,1,3,4,1559,1555,1746,1740,WN,1864,N674AA,167,165,145,6,4,TPA,MDW,997,14,8,0,,0,NA,NA,NA,NA,NA
2009,1,7,1,1033,1015,1122,1115,WN,1413,N218WN,109,120,91,7,18,MCO,BNA,616,4,14,0,,0,NA,NA,NA,NA,NA
2009,1,4,5,1817,1755,2041,2015,WN,700,N325SW,144,140,112,26,22,LAS,PDX,762,7,25,0,,0,22,0,4,0,0
2009,1,9,3,1315,1305,1514,1505,WN,3307,N678AA,179,180,158,9,10,BWI,MCI,967,4,17,0,,0,NA,NA,NA,NA,NA
2009,1,9,3,1644,1645,1819,1820,WN,342,N264LV,95,95,84,-1,-1,HOU,BHM,570,3,8,0,,0,NA,NA,NA,NA,NA
2008,1,19,6,1143,1140,1408,1420,WN,1178,N209WN,145,160,127,-12,3,LAS,SEA,866,4,14,0,,0,NA,NA,NA,NA,NA
2008,1,15,2,627,630,715,720,WN,1005,N401WN,108,110,81,-5,-3,MCI,DEN,533,6,21,0,,0,NA,NA,NA,NA,NA
2008,1,17,4,1510,1515,1705,1730,WN,3678,N211WN,175,195,157,-25,-5,PHX,SEA,1107,4,14,0,,0,NA,NA,NA,NA,NA
2009,1,5,6,843,845,950,1000,WN,991,N790SW,67,75,52,-10,-2,OAK,ONT,361,5,10,0,,0,NA,NA,NA,NA,NA
2008,1,16,3,642,640,835,825,WN,633,N521SW,113,105,95,10,2,OAK,PDX,543,2,16,0,,0,NA,NA,NA,NA,NA
2009,1,3,4,1820,1755,2016,1945,WN,775,N633SW,116,110,98,31,25,SMF,SEA,605,4,14,0,,0,12,0,6,0,13
2009,1,9,3,NA,1025,NA,1230,WN,3220,,NA,125,NA,NA,NA,MCO,BWI,787,NA,NA,1,A,0,NA,NA,NA,NA,NA
2008,1,21,1,648,650,750,800,WN,92,N611SW,62,70,50,-10,-2,BWI,PVD,328,5,7,0,,0,NA,NA,NA,NA,NA
2009,1,3,4,2139,2115,2247,2230,WN,390,N655WN,68,75,60,17,24,SJC,SAN,417,2,6,0,,0,0,0,0,0,17
2009,1,9,3,1553,1555,1839,1900,WN,2093,N730SW,226,245,211,-21,-2,BHM,PHX,1455,6,9,0,,0,NA,NA,NA,NA,NA
2009,1,14,1,607,610,808,815,WN,799,N407WN,61,65,41,-7,-3,LAS,PHX,256,4,16,0,,0,NA,NA,NA,NA,NA
2008,1,18,5,2312,2140,21,2250,WN,1772,N436WN,69,70,49,91,92,SAN,LAS,258,9,11,0,,0,8,0,0,0,83
2009,1,3,4,734,715,1056,1045,WN,1333,N334SW,142,150,128,11,19,PHX,OMA,1037,3,11,0,,0,NA,NA,NA,NA,NA
2009,1,7,1,1833,1745,2135,2050,WN,940,N358SW,122,125,108,45,48,HOU,MCO,848,6,8,0,,0,0,0,0,0,45
2008,1,16,3,951,955,1123,1140,WN,281,N439WN,152,165,138,-17,-4,PVD,BNA,907,5,9,0,,0,NA,NA,NA,NA,NA
2008,1,23,3,1900,1900,1959,2000,WN,720,N513SW,59,60,39,-1,0,DAL,LIT,296,6,14,0,,0,NA,NA,NA,NA,NA
2008,1,21,1,1733,1635,1850,1755,WN,187,N902WN,77,80,66,55,58,SAN,SJC,417,3,8,0,,0,44,0,0,0,11
2009,1,5,6,956,945,1130,1120,WN,923,N635SW,154,155,143,10,11,MHT,MDW,838,3,8,0,,0,NA,NA,NA,NA,NA
2009,1,7,1,613,615,622,625,WN,184,N711HK,69,70,57,-3,-2,CMH,MDW,284,4,8,0,,0,NA,NA,NA,NA,NA
2009,1,10,4,623,625,916,940,WN,3572,N418WN,293,315,279,-24,-2,BWI,PHX,1999,5,9,0,,0,NA,NA,NA,NA,NA
2008,1,23,3,1211,1210,1246,1245,WN,3570,N769SW,95,95,79,1,1,ABQ,LAS,487,5,11,0,,0,NA,NA,NA,NA,NA
2009,1,3,4,1551,1530,1704,1645,WN,230,N364SW,73,75,52,19,21,OAK,LAX,337,6,15,0,,0,9,0,0,0,10
2008,1,21,1,844,845,1137,1130,WN,988,N753SW,173,165,139,7,-1,MDW,HOU,937,3,31,0,,0,NA,NA,NA,NA,NA
2009,1,11,5,1506,1505,1635,1630,WN,1071,N340LV,89,85,73,5,1,SAN,OAK,446,6,10,0,,0,NA,NA,NA,NA,NA
2009,1,4,5,1852,1845,1952,1950,WN,46,N734SA,60,65,52,2,7,DAL,LBB,293,2,6,0,,0,NA,NA,NA,NA,NA
2009,1,5,6,1534,1520,1630,1620,WN,1516,N327SW,56,60,41,10,14,RDU,BWI,255,4,11,0,,0,NA,NA,NA,NA,NA
2008,1,21,1,1859,1835,2149,2130,WN,2300,N338SW,110,115,96,19,24,STL,BWI,737,3,11,0,,0,5,0,0,0,14
2009,1,14,1,2038,2045,2149,2200,WN,1559,N417WN,71,75,51,-11,-7,ALB,BWI,288,5,15,0,,0,NA,NA,NA,NA,NA
2008,1,15,2,1142,1140,1249,1255,WN,1141,N706SW,67,75,57,-6,2,SJC,SAN,417,3,7,0,,0,NA,NA,NA,NA,NA
2009,1,10,4,659,700,1302,1310,WN,899,N206WN,243,250,225,-8,-1,PHX,BWI,1999,4,14,0,,0,NA,NA,NA,NA,NA
2009,1,5,6,936,935,1056,1050,WN,857,N692SW,80,75,67,6,1,BUR,OAK,325,4,9,0,,0,NA,NA,NA,NA,NA
2009,1,10,4,2058,2055,2152,2155,WN,579,N362SW,54,60,42,-3,3,SJC,BUR,296,2,10,0,,0,NA,NA,NA,NA,NA
2009,1,7,1,1636,1630,1731,1735,WN,504,N678AA,55,65,44,-4,6,BUR,LAS,223,5,6,0,,0,NA,NA,NA,NA,NA
2009,1,6,7,841,840,1000,955,WN,2613,N239WN,79,75,55,5,1,BUR,OAK,325,16,8,0,,0,NA,NA,NA,NA,NA
2009,1,5,6,1923,1825,27,2340,WN,3327,N419WN,184,195,171,47,58,LAS,MSY,1501,4,9,0,,0,5,0,0,0,42
2009,1,9,3,636,635,919,935,WN,3928,N222WN,163,180,153,-16,1,ISP,TPA,1034,3,7,0,,0,NA,NA,NA,NA,NA
2009,1,4,5,1437,1415,1548,1530,WN,806,N282WN,71,75,51,18,22,DEN,ABQ,349,9,11,0,,0,8,0,0,0,10
2008,1,15,2,2027,2020,2230,2250,WN,1352,N903WN,123,150,109,-20,7,HOU,MDW,937,7,7,0,,0,NA,NA,NA,NA,NA
2009,1,5,6,751,750,854,855,WN,501,N506SW,63,65,50,-1,1,OMA,STL,342,4,9,0,,0,NA,NA,NA,NA,NA
2009,1,14,1,701,700,755,755,WN,4,N510SW,54,55,43,0,1,HOU,DAL,239,3,8,0,,0,NA,NA,NA,NA,NA
2009,1,7,1,2044,2045,2146,2155,WN,1853,N315SW,62,70,52,-9,-1,SMF,BUR,358,3,7,0,,0,NA,NA,NA,NA,NA
2009,1,12,6,1811,1740,2135,2115,WN,26,N630WN,144,155,132,20,31,MDW,TPA,997,4,8,0,,0,18,0,0,0,2
2008,1,22,2,NA,1155,NA,1250,WN,1322,,NA,55,NA,NA,NA,SAT,DAL,248,NA,NA,1,A,0,NA,NA,NA,NA,NA
2009,1,14,1,1301,1210,1448,1425,WN,281,N481WN,227,255,214,23,51,BNA,LAS,1588,3,10,0,,0,0,0,0,0,23
2008,1,18,5,1628,1615,1729,1705,WN,3420,N215WN,121,110,89,24,13,DAL,ABQ,580,4,28,0,,0,0,0,11,0,13
2008,1,15,2,1857,1900,2114,2130,WN,1664,N394SW,77,90,65,-16,-3,BHM,MCO,478,6,6,0,,0,NA,NA,NA,NA,NA
2008,1,15,2,1911,1910,2155,2200,WN,3494,N395SW,104,110,90,-5,1,SEA,SLC,689,4,10,0,,0,NA,NA,NA,NA,NA
2009,1,5,6,NA,1425,NA,1605,WN,413,,NA,100,NA,NA,NA,SAN,SFO,447,NA,NA,1,A,0,NA,NA,NA,NA,NA
2009,1,10,4,2124,2030,2223,2135,WN,1507,N449WN,59,65,46,48,54,BWI,BDL,283,3,10,0,,0,0,0,0,0,48
2008,1,16,3,843,630,914,715,WN,2874,N282WN,91,105,80,119,133,BUF,MDW,468,4,7,0,,0,119,0,0,0,0
2009,1,9,3,1615,1620,1726,1745,WN,2199,N443WN,131,145,109,-19,-5,PHL,MDW,668,7,15,0,,0,NA,NA,NA,NA,NA
2009,1,11,5,750,750,847,850,WN,363,N314SW,57,60,43,-3,0,SJC,BUR,296,2,12,0,,0,NA,NA,NA,NA,NA
2008,1,21,1,1019,1020,1117,1120,WN,684,N345SA,58,60,49,-3,-1,LBB,DAL,293,3,6,0,,0,NA,NA,NA,NA,NA
2008,1,17,4,2137,2010,2146,2015,WN,3339,N680AA,69,65,48,91,87,DTW,MDW,229,6,15,0,,0,14,0,4,0,73
2008,1,21,1,602,605,704,705,WN,1059,N493WN,62,60,46,-1,-3,LAS,SAN,258,3,13,0,,0,NA,NA,NA,NA,NA
2008,1,18,5,1849,1835,2036,2030,WN,1287,N391SW,167,175,157,6,14,TPA,SAT,972,2,8,0,,0,NA,NA,NA,NA,NA
2008,1,18,5,1406,1345,1631,1620,WN,1623,N315SW,145,155,127,11,21,MCO,PVD,1073,5,13,0,,0,NA,NA,NA,NA,NA
2009,1,8,2,931,935,1117,1125,WN,562,N241WN,166,170,138,-8,-4,MCO,MDW,989,21,7,0,,0,NA,NA,NA,NA,NA
2009,1,10,4,1408,1410,1535,1545,WN,2900,N292WN,147,155,139,-10,-2,MHT,MDW,838,2,6,0,,0,NA,NA,NA,NA,NA
2008,1,19,6,1347,1345,1725,1735,WN,3667,N447WN,158,170,144,-10,2,PHX,MSY,1301,5,9,0,,0,NA,NA,NA,NA,NA
2009,1,6,7,1954,1925,2232,2215,WN,714,N758SW,98,110,87,17,29,MDW,ALB,717,3,8,0,,0,0,0,0,0,17
2008,1,22,2,936,925,1032,1015,WN,4,N502SW,116,110,105,17,11,ELP,SAN,636,2,9,0,,0,1,0,6,0,10
2009,1,8,2,826,830,1049,1100,WN,3767,N662SW,143,150,132,-11,-4,BNA,SAT,822,4,7,0,,0,NA,NA,NA,NA,NA
2009,1,12,6,1315,1315,1344,1350,WN,2463,N283WN,89,95,77,-6,0,RDU,BNA,443,4,8,0,,0,NA,NA,NA,NA,NA
2008,1,23,3,1323,1255,1827,1815,WN,1355,N315SW,184,200,174,12,28,ABQ,MCO,1552,5,5,0,,0,NA,NA,NA,NA,NA
2008,1,17,4,2058,2045,2313,2305,WN,925,N494WN,135,140,111,8,13,MCO,PIT,834,9,15,0,,0,NA,NA,NA,NA,NA
2009,1,11,5,633,630,717,715,WN,311,N503SW,44,45,29,2,3,AUS,HOU,148,7,8,0,,0,NA,NA,NA,NA,NA
2009,1,6,7,1928,1925,2043,2045,WN,934,N676SW,75,80,60,-2,3,MDW,BNA,395,4,11,0,,0,NA,NA,NA,NA,NA
2009,1,8,2,1913,1915,2201,2210,WN,3510,N215WN,108,115,98,-9,-2,MDW,ORF,704,3,7,0,,0,NA,NA,NA,NA,NA
2009,1,5,6,833,835,949,955,WN,68,N399WN,76,80,59,-6,-2,BWI,CMH,336,7,10,0,,0,NA,NA,NA,NA,NA
2008,1,20,7,2025,1935,2314,2235,WN,297,N372SW,169,180,155,39,50,PHL,FLL,992,4,10,0,,0,0,0,0,0,39
2008,1,16,3,1553,1545,1813,1800,WN,135,N301SW,80,75,65,13,8,LAX,TUS,451,2,13,0,,0,NA,NA,NA,NA,NA
2009,1,3,4,621,620,844,840,WN,3414,N732SW,83,80,59,4,1,MDW,PIT,402,7,17,0,,0,NA,NA,NA,NA,NA
2008,1,15,2,905,900,956,1000,WN,2121,N504SW,51,60,40,-4,5,DAL,LIT,296,3,8,0,,0,NA,NA,NA,NA,NA
2008,1,21,1,1841,1705,2018,1835,WN,369,N408WN,97,90,84,103,96,SAN,SFO,447,4,9,0,,0,0,0,103,0,0
2008,1,22,2,835,835,930,930,WN,2821,N360SW,55,55,38,0,0,AUS,DAL,189,5,12,0,,0,NA,NA,NA,NA,NA
2009,1,11,5,2151,2120,2315,2300,WN,2721,N420WN,144,160,132,15,31,TPA,MDW,997,3,9,0,,0,7,0,0,0,8
2008,1,23,3,2055,2055,2307,2310,WN,3775,N395SW,72,75,58,-3,0,BUR,PHX,369,5,9,0,,0,NA,NA,NA,NA,NA
2008,1,16,3,2035,2035,2134,2140,WN,641,N463WN,59,65,47,-6,0,OAK,BUR,325,2,10,0,,0,NA,NA,NA,NA,NA
2009,1,9,3,1205,1205,1232,1245,WN,1679,N699SW,87,100,74,-13,0,DTW,STL,440,3,10,0,,0,NA,NA,NA,NA,NA
2009,1,14,1,1941,1940,2033,2040,WN,2276,N425LV,52,60,41,-7,1,LAS,SAN,258,3,8,0,,0,NA,NA,NA,NA,NA
2009,1,10,4,956,1000,1221,1230,WN,101,N764SW,145,150,133,-9,-4,TPA,ISP,1034,3,9,0,,0,NA,NA,NA,NA,NA
2009,1,5,6,1359,1340,1506,1450,WN,323,N723SW,67,70,53,16,19,BWI,ALB,288,3,11,0,,0,6,0,0,0,10
2008,1,21,1,1317,1240,1443,1405,WN,1577,N502SW,86,85,75,38,37,MDW,MCI,405,3,8,0,,0,37,0,1,0,0
2009,1,6,7,1536,1535,1654,1710,WN,3743,N235WN,138,155,126,-16,1,MCO,STL,880,4,8,0,,0,NA,NA,NA,NA,NA
2008,1,22,2,1644,1645,1713,1720,WN,3919,N627SW,89,95,79,-7,-1,RDU,BNA,443,4,6,0,,0,NA,NA,NA,NA,NA
2009,1,6,7,2000,1955,2121,2115,WN,593,N720WN,81,80,63,6,5,LAX,SFO,337,5,13,0,,0,NA,NA,NA,NA,NA
2008,1,17,4,1346,1320,1438,1420,WN,1395,N608SW,112,120,92,18,26,SLC,OAK,588,5,15,0,,0,1,0,0,0,17
2009,1,6,7,1409,1310,1514,1425,WN,1424,N734SA,65,75,55,49,59,SMF,ONT,389,4,6,0,,0,7,0,0,0,42
2009,1,6,7,1942,1935,2057,2055,WN,3915,N521SW,75,80,61,2,7,MCI,MDW,405,5,9,0,,0,NA,NA,NA,NA,NA
2009,1,11,5,1632,1620,1634,1630,WN,823,N784SW,62,70,53,4,12,SDF,BHM,323,2,7,0,,0,NA,NA,NA,NA,NA
2008,1,19,6,1043,1035,1557,1605,WN,1861,N717SA,194,210,175,-8,8,DEN,MCO,1545,7,12,0,,0,NA,NA,NA,NA,NA
2009,1,3,4,1412,1410,1508,1510,WN,2383,N608SW,56,60,47,-2,2,SJC,BUR,296,1,8,0,,0,NA,NA,NA,NA,NA
2009,1,6,7,1014,950,1127,1100,WN,344,N395SW,73,70,62,27,24,ONT,SJC,333,3,8,0,,0,7,0,3,0,17
2008,1,17,4,2124,2055,2221,2155,WN,114,N404WN,57,60,43,26,29,LAS,BUR,223,3,11,0,,0,22,0,0,0,4
2009,1,7,1,1149,1135,1320,1320,WN,2558,N335SW,91,105,81,0,14,PDX,SJC,569,3,7,0,,0,NA,NA,NA,NA,NA
2008,1,23,3,1755,1745,2005,1945,WN,3919,N367SW,190,180,175,20,10,BNA,DEN,1013,7,8,0,,0,4,0,10,0,6
2009,1,4,5,1941,1805,2111,1930,WN,646,N284WN,90,85,63,101,96,LAX,SFO,337,5,22,0,,0,0,0,17,0,84
2008,1,16,3,643,615,803,740,WN,2385,N488WN,80,85,65,23,28,SMF,SNA,404,5,10,0,,0,0,23,0,0,0
2008,1,18,5,700,700,824,820,WN,21,N642WN,144,140,133,4,0,BWI,STL,737,4,7,0,,0,NA,NA,NA,NA,NA
2009,1,10,4,1920,1915,1947,1950,WN,3428,N470WN,87,95,72,-3,5,JAX,BNA,484,5,10,0,,0,NA,NA,NA,NA,NA
2008,1,14,1,2105,2110,2236,2255,WN,1378,N458WN,91,105,80,-19,-5,STL,DAL,546,4,7,0,,0,NA,NA,NA,NA,NA
2009,1,10,4,1618,1620,1809,1825,WN,1493,N678AA,171,185,154,-16,-2,MCO,MCI,1072,6,11,0,,0,NA,NA,NA,NA,NA
2008,1,21,1,1208,1145,1400,1340,WN,802,N267WN,172,175,155,20,23,OMA,PHX,1037,3,14,0,,0,0,0,0,0,20
2008,1,17,4,1432,1415,1734,1700,WN,3072,N776WN,122,105,107,34,17,LAX,SLC,590,5,10,0,,0,17,0,17,0,0
2009,1,3,4,1024,925,1245,1155,WN,151,N750SA,201,210,186,50,59,MDW,SLC,1258,6,9,0,,0,30,0,0,0,20
2009,1,7,1,558,600,759,805,WN,102,N359SW,61,65,45,-6,-2,LAS,PHX,256,6,10,0,,0,NA,NA,NA,NA,NA
2009,1,12,6,1754,1800,1818,1825,WN,1022,N625SW,84,85,72,-7,-6,BOI,SEA,399,4,8,0,,0,NA,NA,NA,NA,NA
2008,1,22,2,725,725,820,830,WN,1529,N504SW,115,125,101,-10,0,PHX,SMF,647,4,10,0,,0,NA,NA,NA,NA,NA
2009,1,14,1,1425,1430,1528,1540,WN,1271,N695SW,63,70,48,-12,-5,BWI,BUF,281,2,13,0,,0,NA,NA,NA,NA,NA
2009,1,6,7,1948,1950,2137,2145,WN,2039,N386SW,49,55,36,-8,-2,STL,SDF,254,5,8,0,,0,NA,NA,NA,NA,NA
2009,1,5,6,1542,1540,1643,1645,WN,1828,N685SW,61,65,49,-2,2,BUF,BWI,281,3,9,0,,0,NA,NA,NA,NA,NA
2008,1,21,1,903,905,1118,1140,WN,3082,N551WN,135,155,120,-22,-2,PBI,PHL,951,5,10,0,,0,NA,NA,NA,NA,NA
2009,1,6,7,851,845,1013,1010,WN,407,N601WN,82,85,69,3,6,MDW,MCI,405,4,9,0,,0,NA,NA,NA,NA,NA
2008,1,22,2,651,645,906,915,WN,3838,N273WN,135,150,122,-9,6,FLL,BWI,925,3,10,0,,0,NA,NA,NA,NA,NA
2008,1,15,2,648,650,800,750,WN,989,N232WN,72,60,38,10,-2,RNO,OAK,180,7,27,0,,0,NA,NA,NA,NA,NA
2009,1,7,1,1426,1430,1633,1640,WN,1308,N344SW,247,250,228,-7,-4,MCI,SEA,1489,4,15,0,,0,NA,NA,NA,NA,NA
2009,1,3,4,822,805,921,910,WN,2177,N522SW,59,65,46,11,17,MDW,STL,251,3,10,0,,0,NA,NA,NA,NA,NA
2009,1,8,2,1412,1420,1426,1435,WN,280,N261WN,74,75,63,-9,-8,TUS,LAS,365,4,7,0,,0,NA,NA,NA,NA,NA
2008,1,22,2,1036,1040,1421,1440,WN,41,N391SW,105,120,90,-19,-4,LAS,LBB,775,3,12,0,,0,NA,NA,NA,NA,NA
2009,1,4,5,2033,2035,2155,2200,WN,3134,N269WN,82,85,73,-5,-2,MSY,DAL,437,2,7,0,,0,NA,NA,NA,NA,NA
2009,1,3,4,1113,1105,1416,1420,WN,154,N353SW,123,135,104,-4,8,PHX,AUS,872,6,13,0,,0,NA,NA,NA,NA,NA
2008,1,18,5,724,725,823,835,WN,2289,N508SW,59,70,43,-12,-1,PHL,PVD,238,5,11,0,,0,NA,NA,NA,NA,NA
2009,1,8,2,1329,1330,1529,1545,WN,2020,N452WN,120,135,106,-16,-1,MCO,CMH,802,4,10,0,,0,NA,NA,NA,NA,NA
2009,1,5,6,749,745,908,925,WN,695,N744SW,139,160,128,-17,4,MCO,HOU,848,5,6,0,,0,NA,NA,NA,NA,NA
2008,1,17,4,1351,1355,1555,1610,WN,3578,N422WN,124,135,112,-15,-4,MCO,CMH,802,4,8,0,,0,NA,NA,NA,NA,NA
2009,1,13,7,636,640,706,725,WN,2553,N712SW,90,105,65,-19,-4,PIT,MDW,402,4,21,0,,0,NA,NA,NA,NA,NA
2008,1,20,7,940,940,1323,1335,WN,3059,N241WN,163,175,152,-12,0,MDW,FLL,1166,3,8,0,,0,NA,NA,NA,NA,NA
2008,1,15,2,835,835,925,930,WN,167,N233LV,50,55,38,-5,0,JAX,TPA,180,4,8,0,,0,NA,NA,NA,NA,NA
2008,1,19,6,920,920,1147,1155,WN,1508,N764SW,87,95,76,-8,0,ABQ,DAL,580,3,8,0,,0,NA,NA,NA,NA,NA
2009,1,11,5,1611,1610,1831,1835,WN,481,N227WN,80,85,65,-4,1,BUR,PHX,369,6,9,0,,0,NA,NA,NA,NA,NA
2008,1,18,5,1415,1355,1522,1520,WN,918,N352SW,67,85,53,2,20,LAX,SFO,337,5,9,0,,0,NA,NA,NA,NA,NA
2009,1,4,5,1935,1825,2114,2020,WN,381,N251WN,99,115,84,54,70,DEN,PHX,602,7,8,0,,0,0,0,0,0,54
2009,1,11,5,1859,1900,2005,2015,WN,3939,N653SW,66,75,50,-10,-1,OAK,LAX,337,5,11,0,,0,NA,NA,NA,NA,NA
2009,1,10,4,1148,1140,1303,1305,WN,1065,N489WN,75,85,58,-2,8,OAK,SAN,446,3,14,0,,0,NA,NA,NA,NA,NA
2009,1,10,4,1629,1620,1801,1745,WN,2884,N225WN,92,85,61,16,9,OAK,SAN,446,2,29,0,,0,0,0,7,0,9
2008,1,16,3,1646,1645,1801,1755,WN,962,N284WN,75,70,58,6,1,RNO,LAS,345,8,9,0,,0,NA,NA,NA,NA,NA
2008,1,22,2,1643,1625,1826,1810,WN,3490,N373SW,103,105,83,16,18,ORF,JAX,543,7,13,0,,0,0,0,0,0,16
2008,1,22,2,1539,1535,1636,1625,WN,2980,N651SW,57,50,44,11,4,DAL,AUS,189,4,9,0,,0,NA,NA,NA,NA,NA
2009,1,14,1,1826,1830,1913,1940,WN,1625,N770SA,227,250,203,-27,-4,IND,LAS,1591,6,18,0,,0,NA,NA,NA,NA,NA
2008,1,16,3,2025,2020,2141,2155,WN,1572,N410WN,136,155,121,-14,5,MDW,DEN,895,6,9,0,,0,NA,NA,NA,NA,NA
2009,1,9,3,647,650,813,825,WN,754,N211WN,146,155,132,-12,-3,AUS,PHX,872,5,9,0,,0,NA,NA,NA,NA,NA
2008,1,18,5,621,620,736,735,WN,1234,N758SW,75,75,58,1,1,LAS,RNO,345,4,13,0,,0,NA,NA,NA,NA,NA
2008,1,22,2,1956,2000,2051,2100,WN,55,N367SW,55,60,46,-9,-4,DAL,HOU,239,2,7,0,,0,NA,NA,NA,NA,NA
2009,1,3,4,1909,1650,2158,2010,WN,2213,N291WN,169,200,155,108,139,MHT,MCO,1142,3,11,0,,0,6,0,0,0,102
2008,1,20,7,1021,1015,1137,1135,WN,2300,N680AA,76,80,60,2,6,SMF,LAS,397,7,9,0,,0,NA,NA,NA,NA,NA
2009,1,5,6,1526,1430,1720,1550,WN,392,N459WN,114,80,71,90,56,SAN,SJC,417,3,40,0,,0,18,0,34,0,38
2009,1,4,5,2029,1940,2153,2120,WN,829,N473WN,84,100,71,33,49,OAK,PDX,543,5,8,0,,0,13,0,0,0,20
2009,1,7,1,927,915,1202,1120,WN,3598,N717SA,95,65,53,42,12,LAS,PHX,256,7,35,0,,0,0,0,41,0,1
2009,1,5,6,1156,1140,1320,1305,WN,1065,N704SW,84,85,69,15,16,OAK,SAN,446,3,12,0,,0,0,0,4,0,11
2009,1,10,4,628,630,800,800,WN,2902,N687SW,92,90,79,0,-2,RNO,PDX,444,4,9,0,,0,NA,NA,NA,NA,NA
2008,1,19,6,1347,1350,1449,1505,WN,1773,N678AA,62,75,52,-16,-3,ABQ,PHX,328,5,5,0,,0,NA,NA,NA,NA,NA
2008,1,14,1,1050,1045,1232,1225,WN,1606,N692SW,162,160,144,7,5,TPA,MDW,997,5,13,0,,0,NA,NA,NA,NA,NA
